Name,Updated Name,Link,Scientific Name,Status in Britain,Population Size In Breeding Season,Population Number,2 letter code,long code,Image Url,2nd Image,,habitat.Broad-leaved Woodland,habitat.Coniferous Woodland,habitat.Scrub & Bushy Commons,habitat.Heath & Dry Grassland,habitat.Open Upland Moor,habitat.Pasture & Grazed Fields,habitat.Arable Farmland,habitat.Marsh and Wet Grassland,habitat.Boggy Moorland,habitat.Reed Swamp & Fen,habitat.Open Coastal Habitat,habitat.Villages & Rural Areas,habitat.Towns & Cities,habitat.Lakes & Large Waterbodies,habitat.Ponds & Small Waterbodies,habitat.Rivers (2m wide or more),habitat.Streams (less than 2m),habitat.Coastal Estuaries,habitat.Rocky and Sandy Shoreline,eurobirdLink,foundIn
Lady Amherst’s Pheasant,,http://app.bto.org/birdfacts/results/bob3970.htm,Chrysolophus amherstiae,Introduced Breeder,1-10 Males,10,LM,LAAPH,,,,,,,,,,,,,,,,,,,,,,,,"Wooded slopes, bamboo thickets"
Golden Oriole,Eurasian Golden Oriole,http://app.bto.org/birdfacts/results/bob15080.htm,Oriolus oriolus,"Scarce Breeder, Passage Visitor",1-10 Pairs,20,OL,GOLOR,,,,,,,,,,,,,,,,,,,,,,,https://eurobirdportal.org/ebp/en/#home/ORIORI/p52weeks,Deciduous woodland
Night Heron,,http://app.bto.org/birdfacts/results/bob1040.htm,Nycticorax nycticorax,"Escaped Breeder, Scarce Visitor",10 - 100 Birds,100,NT,NIGHE,,,,,,,,,,,,,,,,,,,,,,,,"Marshes, ponds, lakes and mangrove"
Kentish Plover,,http://app.bto.org/birdfacts/results/bob4770.htm,Charadrius alexandrinus,"Former Breeder, Scarce Visitor",10 - 100 Birds,100,KP,KENPL,,,,,,,,,,,,,,,,,,,,,,,,"Beaches, mudflats, rivers, lakes"
White Stork,,http://app.bto.org/birdfacts/results/bob1340.htm,Ciconia ciconia,"Former Breeder, Scarce Visitor",10 - 100 Birds,100,OR,WHIST,,,,,,,,,,,,,,,,,,,,,,,https://eurobirdportal.org/ebp/en/#home/CICCIC/p52weeks,"Steppe, grassland & Farmland, often near humans"
Spoonbill,Eurasian Spoonbill,http://app.bto.org/birdfacts/results/bob1440.htm,Platalea leucorodia,"Former, but now Scarce, Breeder, Scarce Visitor",10 - 100 Birds,100,NB,SPOON,,,,,,,,,,,,,,,,,,,,,,,https://eurobirdportal.org/ebp/en/#home/PLALEU/p52weeks,"Lakes, marshes, swamps & mudflats"
Ruddy Duck,,http://app.bto.org/birdfacts/results/bob2250.htm,Oxyura jamaicensis,Introduced Breeder,10 - 100 Birds,100,RY,RUDDU,,,,,,,,,,,,,,,,,,,,,,,,"Marshes, lakes, on migration also rivers, estuaries"
Aquatic Warbler,,http://app.bto.org/birdfacts/results/bob12420.htm,Acrocephalus paludicola,Passage Visitor,10 - 100 Birds,100,AQ,AQUWA,,,,,,,,,,,,,,,,,,,,,,,,Open marsh
Rough-legged Buzzard,,http://app.bto.org/birdfacts/results/bob2900.htm,Buteo lagopus,Passage/Winter Visitor,10 - 100 Birds,100,RF,ROLBU,,,,,,,,,,,,,,,,,,,,,,,https://eurobirdportal.org/ebp/en/#home/BUTLAG/p52weeks,"Tundra, open coniferous forest, farmland"
Great Grey Shrike,,http://app.bto.org/birdfacts/results/bob15201.htm,Lanius excubitor,Passage/Winter Visitor,10 - 100 Birds,100,SR,GRGSH,,,,,,,,,,,,,,,,,,,,,,,,
Bluethroat,,http://app.bto.org/birdfacts/results/bob11060.htm,Luscinia svecica,"Scarce Breeder, Passage Visitor",10 - 100 Birds,100,BU,BLUTH,,,,,,,,,,,,,,,,,,,,,,,https://eurobirdportal.org/ebp/en/#home/LUSSVE/p52weeks,"Damp scrub, tundra"
Red-necked Grebe,,http://app.bto.org/birdfacts/results/bob100.htm,Podiceps grisegena,"Scarce Breeder, Winter Visitor",10 - 100 Birds,100,RX,RENGR,,,,,,,,,,,,,,,,,,,,,,,,"Reedy lakes & large ponds, Winter seacoast & large lakes"
Shore Lark,,http://app.bto.org/birdfacts/results/bob9780.htm,Eremophila alpestris,"Scarce Breeder, Winter Visitor",10 - 100 Birds,100,SX,SHOLA,,,,,,,,,,,,,,,,,,,,,,,,"Dry plains, tundra, open shores"
Cattle Egret,,http://app.bto.org/birdfacts/results/bob1110.htm,Bubulcus ibis,"Scarce Visitor, Has Bred",10 - 100 Birds,100,EC,CATEG,,,,,,,,,,,,,,,,,,,,,,,,"Wet fields, marsh and pasture, often with grazing animals"
Purple Heron,,http://app.bto.org/birdfacts/results/bob1240.htm,Ardea purpurea,"Scarce Visitor, Has Bred",10 - 100 Birds,100,UR,PURHE,,,,,,,,,,,,,,,,,,,,,,,,"Lakes, marshes, rivers, flooded fields"
Great White Egret,,http://app.bto.org/birdfacts/results/bob1210.htm,Ardea alba,"Scarce Visitor, Has Bred",10 - 100 Birds,100,HW,GRWEG,,,,,,,,,,,,,,,,,,,,,,,https://eurobirdportal.org/ebp/en/#home/CASALB/p52weeks,"Marshes, reedbed, lakes & rivers"
Bee-eater,European Bee-eater,http://app.bto.org/birdfacts/results/bob8400.htm,Merops apiaster,"Scarce Visitor, Has Bred",10 - 100 Birds,100,MZ,BEEEA,,,,,,,,,,,,,,,,,,,,,,,,"Open country, woodland, farmland"
Serin,European Serin,http://app.bto.org/birdfacts/results/bob16400.htm,Serinus serinus,"Scarce Visitor, Has bred",10 - 100 Birds,100,NS,SERIN,,,,,,,,,,,,,,,,,,,,,,,https://eurobirdportal.org/ebp/en/#home/SERSER/p52weeks,"Open woodland, farmland"
Marsh Warbler,,http://app.bto.org/birdfacts/results/bob12500.htm,Acrocephalus palustris,"Scarce Visitor, Scarce Breeder",10 - 100 Birds,100,MW,MARWA,,,,,,,,,,,,,,,,,,,,,,,https://eurobirdportal.org/ebp/en/#home/ACRRIS/p52weeks,"Scrub, grassland"
Icterine Warbler,,http://app.bto.org/birdfacts/results/bob12590.htm,Hippolais icterina,"Scarce Visitor, Scarce Breeder",10 - 100 Birds,100,IC,ICTWA,,,,,,,,,,,,,,,,,,,,,,,,"Forest edge, woodland, scrub"
Red-necked Phalarope,,http://app.bto.org/birdfacts/results/bob5640.htm,Phalaropus lobatus,"Migrant Breeder, Passage Visitor",10 - 100 Males,100,NK,RENPH,,,,,,,,,,,,,,,,,,,,,,,,"Grassy ponds & marsh, on migration seacoasts"
Bittern,Eurasian Bittern,http://app.bto.org/birdfacts/results/bob950.htm,Botaurus stellaris,"Resident Breeder, Winter Visitor",10 - 100 Males,100,BI,BITTE,,,,,,,,,,,,,,,,,,,,,,,,Reedbed & marshes
Spotted Crake,,http://app.bto.org/birdfacts/results/bob4080.htm,Porzana porzana,"Scarce Breeder, Passage Visitor",10 - 100 Males,100,AK,SPOCR,,,,,,,,,,,,,,,,,,,,,,,,Swamps & marsh
Black-winged Stilt,,http://app.bto.org/birdfacts/results/bob4550.htm,Himantopus himantopus,"Scarce Visitor, Has Bred",100-500 Records,100,IT,BLWST,,,,,,,,,,,,,,,,,,,,,,,,"Marsh, weedy lakes, flooded fields"
Gull-billed Tern,,http://app.bto.org/birdfacts/results/bob6050.htm,Gelochelidon nilotica,"Scarce Visitor, Has Bred",100-500 Records,100,TG,GUBTE,,,,,,,,,,,,,,,,,,,,,,,,"Sandy seacoasts, in winter marshes, estuaries, fields"
Parrot Crossbill,,http://app.bto.org/birdfacts/results/bob16680.htm,Loxia pytyopsittacus,"Scarce Visitor, Occasional Breeder",100-500 Records,100,PC,PARCR,,,,,,,,,,,,,,,,,,,,,,,,Coniferous forest
Roseate Tern,,http://app.bto.org/birdfacts/results/bob6140.htm,Sterna dougallii,"Migrant Breeder, Passage Visitor",10 - 100 Pairs,200,RS,ROSTE,,,,,,,,,,,,,,,,,,,,,,,,"Sandy seacoasts, in winter pelagic"
Montagu’s Harrier,,http://app.bto.org/birdfacts/results/bob2630.htm,Circus pygargus,"Migrant Breeder, Passage Visitor",10 - 100 Pairs,200,MO,MONHA,,,,,,,,,,,,,,,,,,,,,,,https://eurobirdportal.org/ebp/en/#home/CIRPYG/p52weeks,"Marsh, moor & grassland"
Black-necked Grebe,Eared Grebe,http://app.bto.org/birdfacts/results/bob120.htm,Podiceps nigricollis,"Migrant/Resident Breeder, Passage/Winter Visitor",10 - 100 Pairs,200,BN,BLNGR,,,,,,,,,,,,,,,,,,,,,,,,"Large reedy lakes, Winter also coastal"
Black Redstart,,http://app.bto.org/birdfacts/results/bob11210.htm,Phoenicurus ochruros,"Migrant/Resident Breeder, Passage/Winter Visitor",10 - 100 Pairs,200,BX,BLARE,,,,,,,,,,,,,,,,,,,,,,,https://eurobirdportal.org/ebp/en/#home/PHOOCH/p52weeks,Near cliffs & buildings
White-tailed Eagle,,http://app.bto.org/birdfacts/results/bob2430.htm,Haliaeetus albicilla,"Re-introduced Breeder, Accidental",10 - 100 Pairs,200,WE,WHTEA,,,,,,,,,,,,,,,,,,,,,,,,"Seacoasts, rivers & large lakes"
Snow Bunting,,http://app.bto.org/birdfacts/results/bob18500.htm,Plectrophenax nivalis,"Resident Breeder, Passage/Winter Visitor",10 - 100 Pairs,200,SB,SNOBU,,,,,,,,,,,,,,,,,,,,,,,,"Dry tundra, rocky shores"
Slavonian Grebe,Horned Grebe,http://app.bto.org/birdfacts/results/bob110.htm,Podiceps auritus,"Resident Breeder, Winter Visitor",10 - 100 Pairs,200,SZ,SLAGR,,,,,,,,,,,,,,,,,,,,,,,,"Marshes, lakes and streams, Winter also coastal"
Crane,Common Crane,http://app.bto.org/birdfacts/results/bob4330.htm,Grus grus,"Resident/Re-introduced Breeder, Passage Visitor",10 - 100 Pairs,200,AN,CRANE,,,,,,,,,,,,,,,,,,,,,,,https://eurobirdportal.org/ebp/en/#home/GRUGRU/p52weeks,"Tundra, open forest, steppe, marsh"
Wryneck,Eurasian Wryneck,http://app.bto.org/birdfacts/results/bob8480.htm,Jynx torquilla,"Former Breeder, Scarce Visitor",100-500 Birds,500,WY,WRYNE,,,,,,,,,,,,,,,,,,,,,,,https://eurobirdportal.org/ebp/en/#home/JYNTOR/p52weeks,"Open woodland, farmland"
Red-backed Shrike,,http://app.bto.org/birdfacts/results/bob15150.htm,Lanius collurio,"Former Breeder, Scarce Visitor",100-500 Birds,500,ED,REBSH,,,,,,,,,,,,,,,,,,,,,,,https://eurobirdportal.org/ebp/en/#home/LANCOL/p52weeks,"Open woodland, scrub, savanna, farmland"
Grey Phalarope,,http://app.bto.org/birdfacts/results/bob5650.htm,Phalaropus fulicarius,Passage Visitor,100-500 Birds,500,PL,GREPH,,,,,,,,,,,,,,,,,,,,,,,,"Coastal tundra, on migration seacoasts"
Sabine’s Gull,,http://app.bto.org/birdfacts/results/bob5790.htm,Xema sabini,Passage Visitor,100-500 Birds,500,AB,SABGU,,,,,,,,,,,,,,,,,,,,,,,,"Coastal wet meadows, otherwise pelagic"
Spotted Redshank,,http://app.bto.org/birdfacts/results/bob5450.htm,Tringa erythropus,Passage/Winter Visitor,100-500 Birds,500,DR,SPORE,,,,,,,,,,,,,,,,,,,,,,,,"Marshy tundra, on migration meadows & mudflats"
Water Pipit,,http://app.bto.org/birdfacts/results/bob10141.htm,Anthus spinoletta,Passage/Winter Visitor,100-500 Birds,500,WI,WATPI,,,,,,,,,,,,,,,,,,,,,,,https://eurobirdportal.org/ebp/en/#home/ANTSPI/p52weeks,"Tundra, meadows, often near water"
Temminck’s Stint,,http://app.bto.org/birdfacts/results/bob5020.htm,Calidris temminckii,"Scarce Breeder, Passage Visitor",100-500 Birds,500,TK,TEMST,,,,,,,,,,,,,,,,,,,,,,,,"Tundra, grassy meadows, on migration mudflats"
Common Rosefinch,,http://app.bto.org/birdfacts/results/bob16790.htm,Carpodacus erythrinus,"Scarce Breeder, Passage Visitor",100-500 Birds,500,SQ,SCARO,,,,,,,,,,,,,,,,,,,,,,,,"Damp woodland, farmland"
Common Redpoll,,http://app.bto.org/birdfacts/results/bob16631.htm,Acanthis flammea,"Scarce Breeder, Passage/Winter Visitor",100-500 Birds,500,FR,COMRE,,,,,,,,,,,,,,,,,,,,,,,,"Woodland, birch/willow scrub"
Hoopoe,,http://app.bto.org/birdfacts/results/bob8460.htm,Upupa epops,"Scarce Visitor, Has Bred",100-500 Birds,500,HP,HOOPO,,,,,,,,,,,,,,,,,,,,,,,https://eurobirdportal.org/ebp/en/#home/UPUEPO/p52weeks,"Savanna, steppe, open woodland"
Pectoral Sandpiper,,http://app.bto.org/birdfacts/results/bob5070.htm,Calidris melanotos,"Scarce Visitor, Has probably bred",100-500 Birds,500,PP,PECSA,,,,,,,,,,,,,,,,,,,,,,,,"Wet tundra, on migration mudflats, flooded fields"
Taiga Bean Goose,,http://app.bto.org/birdfacts/results/bob1571.htm,Anser fabalis,Winter Migrant,100-500 Birds,500,XF,,,,,,,,,,,,,,,,,,,,,,,,,"Tundra & taiga lakes, bogs & wet meadows"
Tundra Bean Goose,,http://app.bto.org/birdfacts/results/bob1574.htm,Anser serrirostris,Winter Migrant,100-500 Birds,500,XR,,,,,,,,,,,,,,,,,,,,,,,,,"Tundra & taiga lakes, bogs & wet meadows"
Smew,,http://app.bto.org/birdfacts/results/bob2200.htm,Mergellus albellus,Winter Visitor,100-500 Birds,500,SY,SMEW.,,,,,,,,,,,,,,,,,,,,,,,,"Lakes, ponds, on migration also seacoasts"
Glaucous Gull,,http://app.bto.org/birdfacts/results/bob5990.htm,Larus hyperboreus,Winter Visitor,100-500 Birds,500,GZ,GLAGU,,,,,,,,,,,,,,,,,,,,,,,,"Seacoasts, lakes"
Iceland Gull,,http://app.bto.org/birdfacts/results/bob5980.htm,Larus glaucoides,Winter Visitor,100-500 Birds,500,IG,ICEGU,,,,,,,,,,,,,,,,,,,,,,,,"Seacoasts, lakes"
Goldeneye,Common Goldeneye,http://app.bto.org/birdfacts/results/bob2180.htm,Bucephala clangula,"Resident Breeder, Passage/Winter Visitor",100-500 Females,500,GN,GOLDE,,,,,,,,,,,,,,,,,,,,,,,,"Lakes, rivers, on migration also seacoasts"
Savi’s Warbler,,http://app.bto.org/birdfacts/results/bob12380.htm,Locustella luscinioides,"Scarce Visitor, Scarce Breeder",500 - 1000 Records,500,VI,SAVWA,,,,,,,,,,,,,,,,,,,,,,,,Reedbed
Golden Pheasant,,http://app.bto.org/birdfacts/results/bob3960.htm,Chrysolophus pictus,Introduced Breeder,100-500 Pairs,"1,000",GF,GOLPH,,,,,,,,,,,,,,,,,,,,,,,,"Wood, bamboo forest"
Stone-curlew,,http://app.bto.org/birdfacts/results/bob4590.htm,Burhinus oedicnemus,Migrant Breeder,100-500 Pairs,"1,000",TN,STOCU,,,,,,,,,,,,,,,,,,,,,,,,Open habitats with sparse vegetation
Garganey,,http://app.bto.org/birdfacts/results/bob1910.htm,Spatula querquedula,"Migrant Breeder, Passage Visitor",100-500 Pairs,"1,000",GY,GARGA,,,,,,,,,,,,,,,,,,,,,,,https://eurobirdportal.org/ebp/en/#home/ANAQUE/p52weeks,"Shallow lakes, marsh, reedbed & wet meadow"
Osprey,,http://app.bto.org/birdfacts/results/bob3010.htm,Pandion haliaetus,"Migrant Breeder, Passage Visitor",100-500 Pairs,"1,000",OP,OSPRE,,,,,,,,,,,,,,,,,,,,,,,https://eurobirdportal.org/ebp/en/#home/PANHAL/p52weeks,"Lakes, rivers, seacoasts"
Honey-buzzard,European Honey Buzzard,http://app.bto.org/birdfacts/results/bob2310.htm,Pernis apivorus,"Migrant Breeder, Passage Visitor",100-500 Pairs,"1,000",HZ,HONBU,,,,,,,,,,,,,,,,,,,,,,,https://eurobirdportal.org/ebp/en/#home/PERAPI/p52weeks,Open wood and forest edge
Black-tailed Godwit,,http://app.bto.org/birdfacts/results/bob5320.htm,Limosa limosa,"Migrant Breeder, Passage/Winter Visitor",100-500 Pairs,"1,000",BW,BLTGO,,,,,,,,,,,,,,,,,,,,,,,https://eurobirdportal.org/ebp/en/#home/LIMLIM/p52weeks,"Marshy grassland & steppe, on migration mudflats"
Marsh Harrier,Eurasian Marsh Harrier,http://app.bto.org/birdfacts/results/bob2600.htm,Circus aeruginosus,"Migrant/Resident Breeder, Passage Visitor",100-500 Pairs,"1,000",MR,MARHA,,,,,,,,,,,,,,,,,,,,,,,https://eurobirdportal.org/ebp/en/#home/CIRAER/p52weeks,Marsh and reedbeds
Black-throated Diver,,http://app.bto.org/birdfacts/results/bob30.htm,Gavia arctica,"Migrant/Resident Breeder, Winter Visitor",100-500 Pairs,"1,000",BV,BLTDI,,,,,,,,,,,,,,,,,,,,,,,,Deep lakes
Goshawk,Northern Goshawk,http://app.bto.org/birdfacts/results/bob2670.htm,Accipiter gentilis,Re-introduced Breeder,100-500 Pairs,"1,000",GI,GOSHA,,,,,,,,,,,,,,,,,,,,,,,,Forest & open wood
Golden Eagle,,http://app.bto.org/birdfacts/results/bob2960.htm,Aquila chrysaetos,Resident Breeder,100-500 Pairs,"1,000",EA,GOLEA,,,,,,,,,,,,,,,,,,,,,,,,"Tundra, moor, open coniferous forest"
Chough,Red-billed Chough,http://app.bto.org/birdfacts/results/bob15590.htm,Pyrrhocorax pyrrhocorax,Resident Breeder,100-500 Pairs,"1,000",CF,CHOUG,,,,,,,,,,,,,,,,,,,,,,,,"Open country, often rocky"
Red-crested Pochard,,http://app.bto.org/birdfacts/results/bob1960.htm,Netta rufina,"Escaped Breeder, Scarce Visitor",500 - 1000 Birds,"1,000",RQ,RECPO,,,,,,,,,,,,,,,,,,,,,,,,"Lakes, marshes & river deltas"
Curlew Sandpiper,,http://app.bto.org/birdfacts/results/bob5090.htm,Calidris ferruginea,Passage Visitor,500 - 1000 Birds,"1,000",CV,CURSA,,,,,,,,,,,,,,,,,,,,,,,,"Tundra, on migration mudflats, marshes"
Little Stint,,http://app.bto.org/birdfacts/results/bob5010.htm,Calidris minuta,Passage Visitor,500 - 1000 Birds,"1,000",LX,LITST,,,,,,,,,,,,,,,,,,,,,,,,"Tundra, on migration mudflats"
Ruff,,http://app.bto.org/birdfacts/results/bob5170.htm,Calidris pugnax,"Scarce Breeder, Passage/Winter Visitor",500 - 1000 Birds,"1,000",RU,RUFF.,,,,,,,,,,,,,,,,,,,,,,,https://eurobirdportal.org/ebp/en/#home/PHIPUG/p52weeks,"Grassy tundra, lakes, farmland, on migration mudflat"
Yellow-legged Gull,,http://app.bto.org/birdfacts/results/bob5926.htm,Larus michahellis,"Scarce Breeder, Passage/Winter Visitor",500 - 1000 Birds,"1,000",YG,YELGU,,,,,,,,,,,,,,,,,,,,,,,,"Seacoasts, lakes, rivers"
Lapland Bunting,,http://app.bto.org/birdfacts/results/bob18470.htm,Calcarius lapponicus,"Scarce Breeder, Passage/Winter Visitor",500 - 1000 Birds,"1,000",LA,LAPBU,,,,,,,,,,,,,,,,,,,,,,,,"Wet meadows, tundra scrub"
Cory’s Shearwater,,http://app.bto.org/birdfacts/results/bob360.htm,Calonectris borealis,Scarce Migrant,500 - 1000 Birds,"1,000",CQ,CORSH,,,,,,,,,,,,,,,,,,,,,,,,Marine
Quail,Common Quail,http://app.bto.org/birdfacts/results/bob3700.htm,Coturnix coturnix,Migrant Breeder,500 - 1000 Males,"1,000",Q.,QUAIL,,,,,,,,,,,,,,,,,,,,,,,https://eurobirdportal.org/ebp/en/#home/COTCOT/p52weeks,"Field, pasture, steppe"
Dotterel,Eurasian Dotterel,http://app.bto.org/birdfacts/results/bob4820.htm,Charadrius morinellus,"Migrant Breeder, Passage Visitor",500 - 1000 Males,"1,000",DO,DOTTE,,,,,,,,,,,,,,,,,,,,,,,,"Steppe, stony grassland, on migration mudflats"
Firecrest,,http://app.bto.org/birdfacts/results/bob13150.htm,Regulus ignicapilla,"Migrant/Resident Breeder, Passage/Winter Visitor",500 - 1000 Territories,"1,000",FC,FIREC,,,,,,,,,,,,,,,,,,,,,,,,Coniferous & mixed forest
Whimbrel,,http://app.bto.org/birdfacts/results/bob5380.htm,Numenius phaeopus,"Migrant Breeder, Passage Visitor",500 - 1000 Pairs,"2,000",WM,WHIMB,,,,,,,,,,,,,,,,,,,,,,,,"Tundra, moor, heath, on migration marsh & estuary"
Shoveler,Northern Shoveler,http://app.bto.org/birdfacts/results/bob1940.htm,Spatula clypeata,"Migrant Breeder, Passage/Winter Visitor",500 - 1000 Pairs,"2,000",SV,SHOVE,,,,,,,,,,,,,,,,,,,,,,,https://eurobirdportal.org/ebp/en/#home/ANACLY/p52weeks,"Shallow lakes, marsh, reedbed & wet meadow"
Mediterranean Gull,,http://app.bto.org/birdfacts/results/bob5750.htm,Ichthyaetus melanocephalus,"Migrant/Resident Breeder, Passage/Winter Visitor",500 - 1000 Pairs,"2,000",MU,MEDGU,,,,,,,,,,,,,,,,,,,,,,,,"Steppe, seacoasts, marshes, lakes"
Hen Harrier,Northern Harrier,http://app.bto.org/birdfacts/results/bob2610.htm,Circus cyaneus,"Migrant/Resident Breeder, Passage/Winter Visitor",500 - 1000 Pairs,"2,000",HH,HENHA,,,,,,,,,,,,,,,,,,,,,,,https://eurobirdportal.org/ebp/en/#home/CIRCYA/p52weeks,"Moor, marsh, steppe and fields"
Little Egret,,http://app.bto.org/birdfacts/results/bob1190.htm,Egretta garzetta,"Resident Breeder, Passage Visitor",500 - 1000 Pairs,"2,000",ET,LITEG,,,,,,,,,,,,,,,,,,,,,,,,"Lakes, marsh, flooded fields & estuary"
Hawfinch,,http://app.bto.org/birdfacts/results/bob17170.htm,Coccothraustes coccothraustes,"Resident Breeder, Passage Visitor",500 - 1000 Pairs,"2,000",HF,HAWFI,https://images.unsplash.com/photo-1616010107983-b006a14939f2?ixlib=rb-1.2.1&ixid=MnwxMjA3fDB8MHxwaG90by1wYWdlfHx8fGVufDB8fHx8&auto=format&fit=crop&w=2071&q=80,,,,,,,,,,,,,,,,,,,,,,,Deciduous & mixed woodland
Bearded Tit,,http://app.bto.org/birdfacts/results/bob13640.htm,Panurus biarmicus,"Resident Breeder, Passage/Winter Visitor",500 - 1000 Pairs,"2,000",BR,BEATI,,,,,,,,,,,,,,,,,,,,,,,,Reedbed
Capercaillie,Western Capercaillie,http://app.bto.org/birdfacts/results/bob3350.htm,Tetrao urogallus,Re-introduced Breeder,"1,000 - 10,000 Adults","10,000",CP,CAPER,,,,,,,,,,,,,,,,,,,,,,,,Conifer forest
Balearic Shearwater,,http://app.bto.org/birdfacts/results/bob463.htm,Puffinus mauretanicus,Passage Visitor,"1,000 - 10,000 Birds","10,000",YQ,BALSH,,,,,,,,,,,,,,,,,,,,,,,,"Pelagic, breeds in island burrows"
Velvet Scoter,,http://app.bto.org/birdfacts/results/bob2151.htm,Melanitta fusca,Passage/Winter Visitor,"1,000 - 10,000 Birds","10,000",VS,VELSC,,,,,,,,,,,,,,,,,,,,,,,,
Yellow-browed Warbler,,http://app.bto.org/birdfacts/results/bob13000.htm,Phylloscopus inornatus,Passage/Winter Visitor,"1,000 - 10,000 Birds","10,000",YB,YEBWA,,,,,,,,,,,,,,,,,,,,,,,https://eurobirdportal.org/ebp/en/#home/PHYINO/p52weeks,"Open forest, woodland, scrub"
Scaup,Greater Scaup,http://app.bto.org/birdfacts/results/bob2040.htm,Aythya marila,"Scarce Breeder, Passage/Winter Visitor","1,000 - 10,000 Birds","10,000",SP,SCAUP,,,,,,,,,,,,,,,,,,,,,,,,"Tundra lakes, on migration open lakes & coasts"
Purple Sandpiper,,http://app.bto.org/birdfacts/results/bob5100.htm,Calidris maritima,"Scarce Breeder, Passage/Winter Visitor","1,000 - 10,000 Birds","10,000",PS,PURSA,,,,,,,,,,,,,,,,,,,,,,,,"Tundra, moor, heath, on migration rocky coasts"
Great Northern Diver,Common Loon,http://app.bto.org/birdfacts/results/bob40.htm,Gavia immer,"Scarce Breeder, Winter Visitor","1,000 - 10,000 Birds","10,000",ND,GRNDI,,,,,,,,,,,,,,,,,,,,,,,,"Lakes, ponds & rivers"
Bewick's Swan,,http://app.bto.org/birdfacts/results/bob1530.htm,Cygnus columbianus,Winter Migrant,"1,000 - 10,000 Birds","10,000",BS,BEWSW,,,,,,,,,,,,,,,,,,,,,,,,"Lakes, ponds & rivers, also estuaries on migration"
Nightjar,European Nightjar,http://app.bto.org/birdfacts/results/bob7780.htm,Caprimulgus europaeus,"Migrant Breeder, Passage Visitor","1,000 - 10,000 Males","10,000",NJ,NIJAR,,,,,,,,,,,,,,,,,,,,,,,https://eurobirdportal.org/ebp/en/#home/CAPEUR/p52weeks,Open country
Corncrake,Corn Crake,http://app.bto.org/birdfacts/results/bob4210.htm,Crex crex,"Migrant Breeder, Passage Visitor","1,000 - 10,000 Males","10,000",CE,CORNC,,,,,,,,,,,,,,,,,,,,,,,,"Grassland, riparian thickets"
Wood Warbler,,http://app.bto.org/birdfacts/results/bob13080.htm,Phylloscopus sibilatrix,"Migrant Breeder, Passage Visitor","1,000 - 10,000 Males","10,000",WO,WOOWA,,,,,,,,,,,,,,,,,,,,,,,https://eurobirdportal.org/ebp/en/#home/PHYSIB/p52weeks,Forest
Nightingale,Common Nightingale,http://app.bto.org/birdfacts/results/bob11040.htm,Luscinia megarhynchos,"Migrant Breeder, Passage Visitor","1,000 - 10,000 Males","10,000",N.,NIGAL,,,,,,,,,,,,,,,,,,,,,,,https://eurobirdportal.org/ebp/en/#home/LUSMEG/p52weeks,Thickets
Black Grouse,,http://app.bto.org/birdfacts/results/bob3320.htm,Lyrurus tetrix,Resident Breeder,"1,000 - 10,000 Males","10,000",BK,BLAGR,,,,,,,,,,,,,,,,,,,,,,,,Forest & forest edge
Cetti’s Warbler,,http://app.bto.org/birdfacts/results/bob12200.htm,Cettia cetti,"Resident Breeder, Passage Visitor","1,000 - 10,000 Males","10,000",CW,CETWA,,,,,,,,,,,,,,,,,,,,,,,,"Reedbed, swamp, dense vegetation near water"
Ring Ouzel,,http://app.bto.org/birdfacts/results/bob11860.htm,Turdus torquatus,"Migrant Breeder, Passage Visitor","1,000 - 10,000 Territories","10,000",RZ,RINOU,,,,,,,,,,,,,,,,,,,,,,,https://eurobirdportal.org/ebp/en/#home/TURTOR/p52weeks,Open moorland
Cirl Bunting,,http://app.bto.org/birdfacts/results/bob18580.htm,Emberiza cirlus,Resident Breeder,"1,000 - 10,000 Territories","10,000",CL,CIRBU,,,,,,,,,,,,,,,,,,,,,,,,"Woodland edge, scrub"
Water Rail,,http://app.bto.org/birdfacts/results/bob4070.htm,Rallus aquaticus,"Resident Breeder, Passage/Winter Visitor","1,000 - 10,000 Territories","10,000",WA,WATRA,,,,,,,,,,,,,,,,,,,,,,,,Swamps & marsh
Kingfisher,Common Kingfisher,http://app.bto.org/birdfacts/results/bob8310.htm,Alcedo atthis,Migrant/Resident Breeder,"1,000 - 10,000 Pairs","20,000",KF,KINGF,https://images.unsplash.com/photo-1607240367835-bdbf309c1e06?ixlib=rb-1.2.1&ixid=MnwxMjA3fDB8MHxwaG90by1wYWdlfHx8fGVufDB8fHx8&auto=format&fit=crop&w=2071&q=80,,,,,,0,0,0,0,0,0,0,,,,20,50,95,20,0,0,,"Rivers, marshes, lakes, seacoasts"
Cormorant,Great Cormorant,http://app.bto.org/birdfacts/results/bob720.htm,Phalacrocorax carbo,"Migrant/Resident Breeder, Passage/Winter Visitor","1,000 - 10,000 Pairs","20,000",CA,CORMO,https://images.unsplash.com/photo-1642185193971-c9bd6c4e1c74?ixlib=rb-1.2.1&ixid=MnwxMjA3fDB8MHxwaG90by1wYWdlfHx8fGVufDB8fHx8&auto=format&fit=crop&w=2070&q=80,,,,,,0,0,0,0,0,0,0,,,,25,20,40,1,100,50,https://eurobirdportal.org/ebp/en/#home/PHACAR/p52weeks,Larger lakes and coastal
Little Grebe,,http://app.bto.org/birdfacts/results/bob70.htm,Tachybaptus ruficollis,"Migrant/Resident Breeder, Winter Visitor","1,000 - 10,000 Pairs","20,000",LG,LITGR,,,,,,,0,0,0,0,0,0,0,,,,100,65,30,5,65,1,,"Marshes, ponds & lakes"
Great Crested Grebe,,http://app.bto.org/birdfacts/results/bob90.htm,Podiceps cristatus,"Resident Breeder, Winter Visitor","1,000 - 10,000 Pairs","20,000",GG,GRCGR,,,,,,,0,0,0,0,0,0,0,,,,100,35,30,1,25,5,,Reed-bordered lakes
Mute Swan,,http://app.bto.org/birdfacts/results/bob1520.htm,Cygnus olor,Resident/Introduced Breeder,"1,000 - 10,000 Pairs","20,000",MS,MUTSW,,,,,,,0,0,0,0,0,0,0,,,,85,60,95,10,65,20,,"Lakes, ponds & rivers"
Willow Tit,,http://app.bto.org/birdfacts/results/bob14420.htm,Poecile montanus,Resident Breeder,"1,000 - 10,000 Pairs","20,000",WT,WILTI,,,,60,60,90,20,5,20,25,5,0,30,0,15,10,,,,,,,,"Forest, woodland, often near water"
Little Owl,,http://app.bto.org/birdfacts/results/bob7570.htm,Athene noctua,Introduced Breeder,"1,000 - 10,000 Pairs","20,000",LO,LITOW,,,,20,1,30,30,10,95,80,30,0,15,0,60,25,,,,,,,,"Steppe, farmland, towns, open woodland"
Raven,Common Raven,http://app.bto.org/birdfacts/results/bob15720.htm,Corvus corax,Resident Breeder,"1,000 - 10,000 Pairs","20,000",RN,RAVEN,https://images.unsplash.com/photo-1594563144007-08462601c1b4?ixlib=rb-1.2.1&ixid=MnwxMjA3fDB8MHxwaG90by1wYWdlfHx8fGVufDB8fHx8&auto=format&fit=crop&w=2070&q=80,,,30,30,10,10,70,30,1,35,65,5,55,5,0,,,,,,,,Almost everywhere
Scottish Crossbill,,http://app.bto.org/birdfacts/results/bob16670.htm,Loxia scotica,Endemic Breeder,"1,000 - 10,000 Pairs","20,000",CY,SCOCR,,,,,,,,,,,,,,,,,,,,,,,,Pine forest
Egyptian Goose,,http://app.bto.org/birdfacts/results/bob1700.htm,Alopochen aegyptiaca,Introduced Breeder,"1,000 - 10,000 Pairs","20,000",EG,EGYGO,,,,,,,,,,,,,,,,,,,,,,,https://eurobirdportal.org/ebp/en/#home/ALOAEG/p52weeks,"Lakes, marshes & rivers"
Mandarin Duck,Mandarin Duck,http://app.bto.org/birdfacts/results/bob1780.htm,Aix galericulata,Introduced Breeder,"1,000 - 10,000 Pairs","20,000",MN,MANDA,,,,,,,,,,,,,,,,,,,,,,,,"Wooded ponds, marshes"
Ring-necked Parakeet,,http://app.bto.org/birdfacts/results/bob7120.htm,Psittacula krameri,Introduced Breeder,"1,000 - 10,000 Pairs","20,000",RI,RINPA,https://images.unsplash.com/photo-1616686038131-d5922b890a15?ixlib=rb-1.2.1&ixid=MnwxMjA3fDB8MHxwaG90by1wYWdlfHx8fGVufDB8fHx8&auto=format&fit=crop&w=987&q=80,,,,,,,,,,,,,,,,,,,,,,https://eurobirdportal.org/ebp/en/#home/PSIKRA/p52weeks,"Open woodland, savanna, farmland"
Little Ringed Plover,,http://app.bto.org/birdfacts/results/bob4690.htm,Charadrius dubius,"Migrant Breeder, Passage Visitor","1,000 - 10,000 Pairs","20,000",LP,LIRPL,,,,,,,,,,,,,,,,,,,,,,,https://eurobirdportal.org/ebp/en/#home/CHADUB/p52weeks,"Sandy or rocky lakeshores, on migration mudflats"
Little Tern,,http://app.bto.org/birdfacts/results/bob6240.htm,Sternula albifrons,"Migrant Breeder, Passage Visitor","1,000 - 10,000 Pairs","20,000",AF,LITTE,,,,,,,,,,,,,,,,,,,,,,,,"Seacoasts, rivers & lakes"
Great Skua,,http://app.bto.org/birdfacts/results/bob5690.htm,Stercorarius skua,"Migrant Breeder, Passage Visitor","1,000 - 10,000 Pairs","20,000",NX,GRESK,,,,,,,,,,,,,,,,,,,,,,,,"Seacoast & moor, in winter seacoasts"
Arctic Skua,,http://app.bto.org/birdfacts/results/bob5670.htm,Stercorarius parasiticus,"Migrant Breeder, Passage Visitor","1,000 - 10,000 Pairs","20,000",AC,ARCSK,,,,,,,,,,,,,,,,,,,,,,,,"Coastal tundra, in winter seacoasts"
Hobby,Eurasian Hobby,http://app.bto.org/birdfacts/results/bob3100.htm,Falco subbuteo,"Migrant Breeder, Passage Visitor","1,000 - 10,000 Pairs","20,000",HY,HOBBY,,,,,,,,,,,,,,,,,,,,,,,https://eurobirdportal.org/ebp/en/#home/FALSUB/p52weeks,"Open forest, steppe, farmland"
Dunlin,,http://app.bto.org/birdfacts/results/bob5120.htm,Calidris alpina,"Migrant Breeder, Passage/Winter Visitor","1,000 - 10,000 Pairs","20,000",DN,DUNLI,https://images.unsplash.com/photo-1641665312217-24c9b5f685f2?ixlib=rb-1.2.1&ixid=MnwxMjA3fDB8MHxwaG90by1wYWdlfHx8fGVufDB8fHx8&auto=format&fit=crop&w=2206&q=80,,,,,,,,,,,,,,,,,,,,,,https://eurobirdportal.org/ebp/en/#home/CALALP/p52weeks,"Tundra, moor, heath, on migration estuaries &  coasts"
Avocet,Pied Avocet,http://app.bto.org/birdfacts/results/bob4560.htm,Recurvirostra avosetta,"Migrant/Resident Breeder, Passage/Winter Visitor","1,000 - 10,000 Pairs","20,000",AV,AVOCE,,,,,,,,,,,,,,,,,,,,,,,,"Mudflats, lagoons, sandy beaches"
Ringed Plover,Common Ringed Plover,http://app.bto.org/birdfacts/results/bob4700.htm,Charadrius hiaticula,"Migrant/Resident Breeder, Passage/Winter Visitor","1,000 - 10,000 Pairs","20,000",RP,RINPL,,,,,,,,,,,,,,,,,,,,,,,,"Sandy areas with low vegetation, on migration estuaries"
Greenshank,Common Greenshank,http://app.bto.org/birdfacts/results/bob5480.htm,Tringa nebularia,"Migrant/Resident Breeder, Passage/Winter Visitor","1,000 - 10,000 Pairs","20,000",GK,GRESH,,,,,,,,,,,,,,,,,,,,,,,https://eurobirdportal.org/ebp/en/#home/TRINEB/p52weeks,"Marsh, wet grassland, moor, on migration mudflats"
Red-throated Diver,,http://app.bto.org/birdfacts/results/bob20.htm,Gavia stellata,"Migrant/Resident Breeder, Passage/Winter Visitor","1,000 - 10,000 Pairs","20,000",RH,RETDI,,,,,,,,,,,,,,,,,,,,,,,,Shallow ponds & lakes
Short-eared Owl,,http://app.bto.org/birdfacts/results/bob7680.htm,Asio flammeus,"Migrant/Resident Breeder, Passage/Winter Visitor","1,000 - 10,000 Pairs","20,000",SE,SHEOW,,,,,,,,,,,,,,,,,,,,,,,https://eurobirdportal.org/ebp/en/#home/ASIFLA/p52weeks,"Tundra, marsh, moor, grassland"
Merlin,,http://app.bto.org/birdfacts/results/bob3090.htm,Falco columbarius,"Migrant/Resident Breeder, Passage/Winter Visitor","1,000 - 10,000 Pairs","20,000",ML,MERLI,,,,,,,,,,,,,,,,,,,,,,,,"Moor, heath, desert, open coniferous forest"
Gadwall,,http://app.bto.org/birdfacts/results/bob1820.htm,Mareca strepera,"Migrant/Resident Breeder, Winter Visitor","1,000 - 10,000 Pairs","20,000",GA,GADWA,,,,,,,,,,,,,,,,,,,,,,,,"Marshes, lakes, on migration also rivers, estuaries"
Twite,,http://app.bto.org/birdfacts/results/bob16620.htm,Linaria flavirostris,"Migrant/Resident Breeder, Winter Visitor","1,000 - 10,000 Pairs","20,000",TW,TWITE,,,,,,,,,,,,,,,,,,,,,,,,"Grassland, moor"
Ptarmigan,Rock Ptarmigan,http://app.bto.org/birdfacts/results/bob3300.htm,Lagopus muta,Resident Breeder,"1,000 - 10,000 Pairs","20,000",PM,PTARM,,,,,,,,,,,,,,,,,,,,,,,,Tundra
Barn Owl,,http://app.bto.org/birdfacts/results/bob7350.htm,Tyto alba,Resident Breeder,"1,000 - 10,000 Pairs","20,000",BO,BAROW,https://images.unsplash.com/photo-1531275467514-94da595cf8d7?ixlib=rb-1.2.1&ixid=MnwxMjA3fDB8MHxwaG90by1wYWdlfHx8fGVufDB8fHx8&auto=format&fit=crop&w=1035&q=80,,,,,,,,,,,,,,,,,,,,,,,"Open country, savanna, farmland"
Lesser Spotted Woodpecker,,http://app.bto.org/birdfacts/results/bob8870.htm,Dryobates minor,Resident Breeder,"1,000 - 10,000 Pairs","20,000",LS,LESWO,,,,,,,,,,,,,,,,,,,,,,,,"Forest, forest edge"
Crested Tit,European Crested Tit,http://app.bto.org/birdfacts/results/bob14540.htm,Lophophanes cristatus,Resident Breeder,"1,000 - 10,000 Pairs","20,000",CI,CRETI,,,,,,,,,,,,,,,,,,,,,,,,Coniferous or mixed woodland
Dartford Warbler,,http://app.bto.org/birdfacts/results/bob12620.htm,Sylvia undata,Resident Breeder,"1,000 - 10,000 Pairs","20,000",DW,DARWA,,,,,,,,,,,,,,,,,,,,,,,,"Scrub, heath"
Teal,Eurasian Teal,http://app.bto.org/birdfacts/results/bob1840.htm,Anas crecca,"Resident Breeder, Passage/Winter Visitor","1,000 - 10,000 Pairs","20,000",T.,TEAL.,,,,,,,,,,,,,,,,,,,,,,,https://eurobirdportal.org/ebp/en/#home/ANACRE/p52weeks,"Lakes, marshes, ponds & shallow streams"
Long-eared Owl,,http://app.bto.org/birdfacts/results/bob7670.htm,Asio otus,"Resident Breeder, Passage/Winter Visitor","1,000 - 10,000 Pairs","20,000",LE,LOEOW,,,,,,,,,,,,,,,,,,,,,,,,Coniferous & mixed woodland
Peregrine,Peregrine Falcon,http://app.bto.org/birdfacts/results/bob3200.htm,Falco peregrinus,"Resident Breeder, Passage/Winter Visitor","1,000 - 10,000 Pairs","20,000",PE,PEREG,,,,,,,,,,,,,,,,,,,,,,,,"Tundra, moor, steppe, seacoast, cities"
Goosander,Common Merganser,http://app.bto.org/birdfacts/results/bob2230.htm,Mergus merganser,"Resident Breeder, Winter Visitor","1,000 - 10,000 Pairs","20,000",GD,GOOSA,,,,,,,,,,,,,,,,,,,,,,,https://eurobirdportal.org/ebp/en/#home/MERMER/p52weeks,"Lakes, rivers, on migration estuaries"
Red-breasted Merganser,,http://app.bto.org/birdfacts/results/bob2210.htm,Mergus serrator,"Resident Breeder, Winter Visitor","1,000 - 10,000 Pairs","20,000",RM,REBME,,,,,,,,,,,,,,,,,,,,,,,,"Lakes, rivers, on migration also seacoasts"
Red Kite,,http://app.bto.org/birdfacts/results/bob2390.htm,Milvus milvus,"Resident/Introduced Breeder, Passage Visitor","1,000 - 10,000 Pairs","20,000",KT,REDKI,https://images.unsplash.com/photo-1630336597270-28e1a7c549b7?ixlib=rb-1.2.1&ixid=MnwxMjA3fDB8MHxwaG90by1wYWdlfHx8fGVufDB8fHx8&auto=format&fit=crop&w=2070&q=80,,,,,,,,,,,,,,,,,,,,,,https://eurobirdportal.org/ebp/en/#home/MILMIL/p52weeks,"Pasture, open woodland, forest"
Woodlark,Wood Lark,http://app.bto.org/birdfacts/results/bob9740.htm,Lullula arborea,"Resident/Migrant Breeder, Passage Visitor","1,000 - 10,000 Pairs","20,000",WL,WOODL,,,,,,,,,,,,,,,,,,,,,,,https://eurobirdportal.org/ebp/en/#home/LULARB/p52weeks,"Woodland edge, savanna"
Corn Bunting,,http://app.bto.org/birdfacts/results/bob18820.htm,Emberiza calandra,"Resident Breeder, Passage Visitor","10,000 - 100,000 Territories","100,000",CB,CORBU,,,,5,1,10,1,0,5,100,5,0,0,1,10,1,,,,,,,,"Scrub, grassland, farmland"
Lesser Whitethroat,,http://app.bto.org/birdfacts/results/bob12740.htm,Sylvia curruca,"Migrant Breeder, Passage Visitor","10,000 - 100,000 Territories","100,000",LW,LESWH,,,,20,5,30,10,1,30,45,20,0,85,25,35,15,,,,,,,https://eurobirdportal.org/ebp/en/#home/SYLCUR/p52weeks,"Woodland, scrub, semi-desert"
Yellow Wagtail,Western Yellow Wagtail,http://app.bto.org/birdfacts/results/bob10170.htm,Motacilla flava,"Migrant Breeder, Passage Visitor","10,000 - 100,000 Territories","100,000",YW,YELWA,,,,,,,1,1,10,100,15,0,20,,,,35,30,40,75,100,10,https://eurobirdportal.org/ebp/en/#home/MOTFLA/p52weeks,"Damp meadows, marsh, riverbanks"
Grasshopper Warbler,Common Grasshopper Warbler,http://app.bto.org/birdfacts/results/bob12360.htm,Locustella naevia,"Migrant Breeder, Passage Visitor","10,000 - 100,000 Territories","100,000",GH,GRAWA,,,,1,5,20,1,5,5,1,10,20,100,0,1,0,,,,,,,,"Marsh, moor, open woodland"
Red-legged Partridge,,http://app.bto.org/birdfacts/results/bob3580.htm,Alectoris rufa,Introduced Breeder,"10,000 - 100,000 Territories","100,000",RL,RELPA,,,,20,5,10,10,5,20,100,5,0,30,35,25,1,,,,,,,,"Open or scrubby country, farmland"
Marsh Tit,,http://app.bto.org/birdfacts/results/bob14400.htm,Poecile palustris,Resident Breeder,"10,000 - 100,000 Territories","100,000",MT,MARTI,,,,100,30,30,10,5,15,15,10,0,0,0,15,1,,,,,,,,"Mixed woodland, towns"
Spotted Flycatcher,,http://app.bto.org/birdfacts/results/bob13350.htm,Muscicapa striata,"Migrant Breeder, Passage Visitor","10,000 - 100,000 Territories","100,000",SF,SPOFL,,,,90,55,35,20,20,65,25,20,15,5,0,85,10,,,,,,,,"Open woodland, gardens"
Grey Partridge,,http://app.bto.org/birdfacts/results/bob3670.htm,Perdix perdix,Resident/Introduced Breeder,"10,000 - 100,000 Territories","100,000",P.,GREPA,,,,20,5,15,10,25,25,100,25,0,30,20,20,1,,,,,,,,"Farmland, steppe, wood edge"
Pochard,Common Pochard,http://app.bto.org/birdfacts/results/bob1980.htm,Aythya ferina,"Migrant/Resident Breeder, Passage/Winter Visitor","10,000 - 100,000 Birds","100,000",PO,POCHA,,,,,,,,,,,,,,,,,,,,,,,,Lakes & slow rivers on migration also estuaries
Grey Plover,Black-bellied Plover,http://app.bto.org/birdfacts/results/bob4860.htm,Pluvialis squatarola,Passage/Winter Visitor,"10,000 - 100,000 Birds","100,000",GV,GREPL,,,,,,,,,,,,,,,,,,,,,,,,"Tundra, on migration pasture & estuaries"
Bar-tailed Godwit,,http://app.bto.org/birdfacts/results/bob5340.htm,Limosa lapponica,Passage/Winter Visitor,"10,000 - 100,000 Birds","100,000",BA,BATGO,,,,,,,,,,,,,,,,,,,,,,,,"Coastal tundra, on migration mudflats, flooded fields"
Sanderling,,http://app.bto.org/birdfacts/results/bob4970.htm,Calidris alba,Passage/Winter Visitor,"10,000 - 100,000 Birds","100,000",SS,SANDE,,,,,,,,,,,,,,,,,,,,,,,,"Tundra, on migration coastal"
Pintail,Northern Pintail,http://app.bto.org/birdfacts/results/bob1890.htm,Anas acuta,"Resident/Migrant Breeder, Winter Visitor","10,000 - 100,000 Birds","100,000",PT,PINTA,,,,,,,,,,,,,,,,,,,,,,,https://eurobirdportal.org/ebp/en/#home/ANAACU/p52weeks,"Lakes, rivers, marsh & tundra"
Turnstone,Ruddy Turnstone,http://app.bto.org/birdfacts/results/bob5610.htm,Arenaria interpres,"Scarce Breeder, Passage/Winter Visitor","10,000 - 100,000 Birds","100,000",TT,TURNS,,,,,,,,,,,,,,,,,,,,,,,,"Tundra, on migration beaches & rocky coasts"
Whooper Swan,,http://app.bto.org/birdfacts/results/bob1540.htm,Cygnus cygnus,"Scarce Breeder, Winter Migrant","10,000 - 100,000 Birds","100,000",WS,WHOSW,,,,,,,,,,,,,,,,,,,,,,,,"Lakes, marshes & rivers"
Long-tailed Duck,Oldsquaw,http://app.bto.org/birdfacts/results/bob2120.htm,Clangula hyemalis,"Scarce Breeder, Winter Visitor","10,000 - 100,000 Birds","100,000",LN,LOTDU,,,,,,,,,,,,,,,,,,,,,,,,"Tundra lakes, on migration open lakes & coasts"
White-fronted Goose,Greater White-fronted Goose,http://app.bto.org/birdfacts/results/bob1590.htm,Anser albifrons,Winter Migrant,"10,000 - 100,000 Birds","100,000",WG,WHFGO,,,,,,,,,,,,,,,,,,,,,,,https://eurobirdportal.org/ebp/en/#home/ANSALB/p52weeks,"Tundra lakes, wet meadows on migration flooded fields & estuaries"
Waxwing,Bohemian Waxwing,http://app.bto.org/birdfacts/results/bob10480.htm,Bombycilla garrulus,Winter Visitor,"10,000 - 100,000 Birds","100,000",WX,WAXWI,,,,,,,,,,,,,,,,,,,,,,,https://eurobirdportal.org/ebp/en/#home/BOMGAR/p52weeks,"Coniferous forest, birch woodland"
Woodcock,Eurasian Woodcock,http://app.bto.org/birdfacts/results/bob5290.htm,Scolopax rusticola,"Migrant/Resident Breeder, Passage/Winter Visitor","10,000 - 100,000 Males","100,000",WK,WOODC,,,,,,,,,,,,,,,,,,,,,,,,Damp woodland and heath
Storm Petrel,European Storm Petrel,http://app.bto.org/birdfacts/results/bob520.htm,Hydrobates pelagicus,Migrant Breeder,"10,000 - 100,000 Nests","100,000",TM,STOPE,,,,,,,,,,,,,,,,,,,,,,,,"Pelagic, breeds in island burrows & crevices"
Turtle Dove,European Turtle Dove,http://app.bto.org/birdfacts/results/bob6870.htm,Streptopelia turtur,"Migrant Breeder, Passage Visitor","10,000 - 100,000 Territories","100,000",TD,TURDO,,,,,,,,,,,,,,,,,,,,,,,https://eurobirdportal.org/ebp/en/#home/STRTUR/p52weeks,"Open woodland, scrub, gardens"
Canada Goose,Greater Canada Goose,http://app.bto.org/birdfacts/results/bob1660.htm,Branta canadensis,"Introduced Breeder, Accidental","10,000 - 100,000 Pairs","200,000",CG,CANGO,,,,,,,0,0,0,0,0,0,0,,,,95,80,45,10,25,5,,"Marsh, meadows, lakes & tundra, also estuaries"
Common Tern,,http://app.bto.org/birdfacts/results/bob6150.htm,Sterna hirundo,"Migrant Breeder, Passage Visitor","10,000 - 100,000 Pairs","200,000",CN,COMTE,,,,,,,0,0,0,0,0,0,0,,,,35,40,25,1,100,30,https://eurobirdportal.org/ebp/en/#home/STEHIR/p52weeks,"Sandy seacoasts, in winter marshes, estuaries"
Shelduck,Common Shelduck,http://app.bto.org/birdfacts/results/bob1730.htm,Tadorna tadorna,"Migrant/Resident Breeder, Winter Visitor","10,000 - 100,000 Pairs","200,000",SU,SHELD,,,,,,,0,0,0,0,0,0,0,,,,10,5,5,1,100,25,https://eurobirdportal.org/ebp/en/#home/TADTAD/p52weeks,"Coasts, estuaries & lakes"
Tufted Duck,,http://app.bto.org/birdfacts/results/bob2030.htm,Aythya fuligula,"Resident Breeder, Passage/Winter Visitor","10,000 - 100,000 Pairs","200,000",TU,TUFDU,,,,,,,0,0,0,0,0,0,0,,,,100,75,30,5,35,5,,"Marshes, lakes, on migration also rivers, estuaries"
Coot,Common Coot,http://app.bto.org/birdfacts/results/bob4290.htm,Fulica atra,"Resident Breeder, Winter Visitor","10,000 - 100,000 Pairs","200,000",CO,COOT.,,,,,,,0,0,0,0,0,0,0,,,,100,80,55,10,30,20,,"Lakes, marsh, rivers, seacoast"
Great Black-backed Gull,Greater Blackback,http://app.bto.org/birdfacts/results/bob6000.htm,Larus marinus,"Resident Breeder, Winter Visitor","10,000 - 100,000 Pairs","200,000",GB,GBBGU,,,,,,,10,0,5,5,5,10,0,,,,25,5,10,1,15,100,,"Seacoasts, lakes"
Greylag Goose,,http://app.bto.org/birdfacts/results/bob1610.htm,Anser anser,"Introduced/Resident Breeder, Winter Migrant","10,000 - 100,000 Pairs","200,000",GJ,GREGO,,,,1,1,1,10,1,5,5,25,5,100,15,5,1,,,,,,,https://eurobirdportal.org/ebp/en/#home/ANSANS/p52weeks,"Reedbed, marsh, estuaries & lakes"
Tawny Owl,,http://app.bto.org/birdfacts/results/bob7610.htm,Strix aluco,Resident Breeder,"10,000 - 100,000 Pairs","200,000",TO,TAWOW,,,,100,40,35,1,1,20,20,10,10,0,0,15,5,,,,,,,,"Forest, woodland, towns"
Common Crossbill,Red Crossbill,http://app.bto.org/birdfacts/results/bob16660.htm,Loxia curvirostra,"Migrant/Resident Breeder, Passage/Winter Visitor","10,000 - 100,000 Pairs","200,000",CR,CROSS,,,,5,100,15,5,5,1,1,1,0,0,0,1,0,,,,,,,https://eurobirdportal.org/ebp/en/#home/LOXCUR/p52weeks,Coniferous forest
Swift,Common Swift,http://app.bto.org/birdfacts/results/bob7950.htm,Apus apus,"Migrant Breeder, Passage Visitor","10,000 - 100,000 Pairs","200,000",SI,SWIFT,,,,20,5,30,5,5,25,20,15,1,30,0,55,90,,,,,,,https://eurobirdportal.org/ebp/en/#home/APUAPU/p52weeks,Open country & towns
Redshank,Common Redshank,http://app.bto.org/birdfacts/results/bob5460.htm,Tringa totanus,"Migrant/Resident Breeder, Passage/Winter Visitor","10,000 - 100,000 Pairs","200,000",RK,REDSH,,,,,,,10,5,5,1,50,1,50,,,,30,5,10,1,100,30,https://eurobirdportal.org/ebp/en/#home/TRITOT/p52weeks,"Rivers, wet grassland, moors & estuaries"
Grey Heron,,http://app.bto.org/birdfacts/results/bob1220.htm,Ardea cinerea,"Resident Breeder, Winter Visitor","10,000 - 100,000 Pairs","200,000",H.,GREHE,https://images.unsplash.com/photo-1505934000979-29ddff379cf7?ixlib=rb-1.2.1&ixid=MnwxMjA3fDB8MHxwaG90by1wYWdlfHx8fGVufDB8fHx8&auto=format&fit=crop&w=2070&q=80,,,,,,15,5,35,25,65,30,65,,,,90,60,100,20,55,20,,"Lakes, marshes, rivers, flooded fields"
Green Woodpecker,European Green Woodpecker,http://app.bto.org/birdfacts/results/bob8560.htm,Picus viridis,Resident Breeder,"10,000 - 100,000 Pairs","200,000",G.,GREWO,https://images.unsplash.com/photo-1557259317-c352e5a44133?ixlib=rb-1.2.1&ixid=MnwxMjA3fDB8MHxwaG90by1wYWdlfHx8fGVufDB8fHx8&auto=format&fit=crop&w=2072&q=80,,,100,35,55,45,10,35,30,15,1,10,1,60,35,,,,,,,,"Deciduous & mixed forest edge, woodlands"
Cuckoo,Common Cuckoo,http://app.bto.org/birdfacts/results/bob7240.htm,Cuculus canorus,"Migrant Breeder, Passage Visitor","10,000 - 100,000 Pairs","200,000",CK,CUCKO,,,,25,40,50,35,20,20,25,50,5,65,35,20,1,,,,,,,https://eurobirdportal.org/ebp/en/#home/CUCCAN/p52weeks,"Open woodland, taiga, steppe forest"
Golden Plover,European Golden Plover,http://app.bto.org/birdfacts/results/bob4850.htm,Pluvialis apricaria,"Migrant/Resident Breeder, Passage/Winter Visitor","10,000 - 100,000 Pairs","200,000",GP,GOLPL,,,,0,1,1,65,35,1,0,90,85,1,0,1,0,,,,,,,,"Tundra, wet moor, on migration pasture & estuaries"
Tree Pipit,,http://app.bto.org/birdfacts/results/bob10090.htm,Anthus trivialis,"Migrant Breeder, Passage Visitor","10,000 - 100,000 Pairs","200,000",TP,TREPI,,,,30,80,80,50,40,10,1,20,5,0,0,1,1,,,,,,,https://eurobirdportal.org/ebp/en/#home/ANTTRI/p52weeks,Open upland woodland
Kestrel,Common Kestrel,http://app.bto.org/birdfacts/results/bob3040.htm,Falco tinnunculus,"Migrant/Resident Breeder, Passage/Winter Visitor","10,000 - 100,000 Pairs","200,000",K.,KESTR,https://images.unsplash.com/photo-1509641402296-b7f020ccf694?ixlib=rb-1.2.1&ixid=MnwxMjA3fDB8MHxwaG90by1wYWdlfHx8fGVufDB8fHx8&auto=format&fit=crop&w=2069&q=80,,,45,30,80,35,40,60,80,60,45,15,5,65,35,,,,,,,,"Open grassland, heath, farmland, towns"
Sparrowhawk,Eurasian Sparrowhawk,http://app.bto.org/birdfacts/results/bob2690.htm,Accipiter nisus,"Resident Breeder, Passage/Winter Visitor","10,000 - 100,000 Pairs","200,000",SH,SPARR,,,,85,70,55,15,40,45,50,35,30,0,15,60,35,,,,,,,https://eurobirdportal.org/ebp/en/#home/ACCNIS/p52weeks,Wood & fields
Buzzard,Common Buzzard,http://app.bto.org/birdfacts/results/bob2870.htm,Buteo buteo,"Resident Breeder, Passage/Winter Visitor","10,000 - 100,000 Pairs","200,000",BZ,BUZZA,https://images.unsplash.com/photo-1604180207192-ddd9e6a2c86b?ixlib=rb-1.2.1&ixid=MnwxMjA3fDB8MHxwaG90by1wYWdlfHx8fGVufDB8fHx8&auto=format&fit=crop&w=2070&q=80,,,80,80,85,20,55,70,40,45,35,15,5,30,1,,,,,,,https://eurobirdportal.org/ebp/en/#home/BUTBUT/p52weeks,"Wood, moor, heath and farmland"
Snipe,Common Snipe,http://app.bto.org/birdfacts/results/bob5190.htm,Gallinago gallinago,"Migrant/Resident Breeder, Passage/Winter Visitor","10,000 - 100,000 Pairs","200,000",SN,SNIPE,https://images.unsplash.com/photo-1618091383014-e8ee2cf6191d?ixlib=rb-1.2.1&ixid=MnwxMjA3fDB8MHxwaG90by1wYWdlfHx8fGVufDB8fHx8&auto=format&fit=crop&w=2070&q=80,,,,,,55,60,10,1,90,80,20,,,,100,20,30,50,10,20,https://eurobirdportal.org/ebp/en/#home/GALGAL/p52weeks,Wet grassland
Grey Wagtail,,http://app.bto.org/birdfacts/results/bob10190.htm,Motacilla cinerea,"Resident Breeder, Passage Visitor","10,000 - 100,000 Pairs","200,000",GL,GREWA,https://images.unsplash.com/photo-1599660899353-0ed65f7d070a?ixlib=rb-1.2.1&ixid=MnwxMjA3fDB8MHxwaG90by1wYWdlfHx8fGVufDB8fHx8&auto=format&fit=crop&w=2073&q=80,,,,,,35,70,50,15,65,45,30,,,,40,20,100,40,0,1,,"Banks of swift streams, lakes"
Whinchat,,http://app.bto.org/birdfacts/results/bob11370.htm,Saxicola rubetra,"Migrant Breeder, Passage Visitor","10,000 - 100,000 Pairs","200,000",WC,WHINC,,,,1,20,10,70,100,10,1,35,30,0,0,5,1,,,,,,,https://eurobirdportal.org/ebp/en/#home/SAXRUB/p52weeks,"Open grassland, meadow"
Curlew,Eurasian Curlew,http://app.bto.org/birdfacts/results/bob5410.htm,Numenius arquata,"Migrant/Resident Breeder, Passage/Winter Visitor","10,000 - 100,000 Pairs","200,000",CU,CURLE,,,,5,5,10,55,100,25,5,65,55,35,20,5,1,,,,,,,https://eurobirdportal.org/ebp/en/#home/NUMARQ/p52weeks,"Marsh, grassland, on migration mudflats"
Sandwich Tern,,http://app.bto.org/birdfacts/results/bob6110.htm,Thalasseus sandvicensis,"Migrant Breeder, Passage Visitor","10,000 - 100,000 Pairs","200,000",TE,SANTE,,,,,,,,,,,,,,,,,,,,,,,https://eurobirdportal.org/ebp/en/#home/STESAN/p52weeks,"Sandy seacoasts, in winter estuaries"
Arctic Tern,,http://app.bto.org/birdfacts/results/bob6160.htm,Sterna paradisaea,"Migrant Breeder, Passage Visitor","10,000 - 100,000 Pairs","200,000",AE,ARCTE,,,,,,,,,,,,,,,,,,,,,,,,"Seacoast, tundra, lakes, rivers, in winter pelagic"
Leach’s Petrel,Leach's Storm Petrel,http://app.bto.org/birdfacts/results/bob550.htm,Oceanodroma leucorhoa,"Migrant Breeder, Passage Visitor","10,000 - 100,000 Pairs","200,000",TL,LEAPE,,,,,,,,,,,,,,,,,,,,,,,,"Pelagic, breeds in island burrows"
Pied Flycatcher,Eurasian Pied Flycatcher,http://app.bto.org/birdfacts/results/bob13490.htm,Ficedula hypoleuca,"Migrant Breeder, Passage Visitor","10,000 - 100,000 Pairs","200,000",PF,PIEFL,,,,,,,,,,,,,,,,,,,,,,,https://eurobirdportal.org/ebp/en/#home/FICHYP/p52weeks,"Open forest, woodland, towns"
Common Sandpiper,,http://app.bto.org/birdfacts/results/bob5560.htm,Actitis hypoleucos,"Migrant Breeder, Passage/Winter Visitor","10,000 - 100,000 Pairs","200,000",CS,COMSA,,,,,,,,,,,,,,,,,,,,,,,https://eurobirdportal.org/ebp/en/#home/ACTHYP/p52weeks,"Rivers & lakes, on migration marsh & seacoast"
Stonechat,,http://app.bto.org/birdfacts/results/bob11393.htm,Saxicola rubicola,Migrant/Resident Breeder,"10,000 - 100,000 Pairs","200,000",SC,STOCH,,,,,,,,,,,,,,,,,,,,,,,,
Common Gull,,http://app.bto.org/birdfacts/results/bob5900.htm,Larus canus,"Migrant/Resident Breeder, Passage/Winter Visitor","10,000 - 100,000 Pairs","200,000",CM,COMGU,,,,,,,,,,,,,,,,,,,,,,,https://eurobirdportal.org/ebp/en/#home/LARCAN/p52weeks,"Seacoasts, lakes, rivers, moor"
Black Guillemot,,http://app.bto.org/birdfacts/results/bob6380.htm,Cepphus grylle,Resident Breeder,"10,000 - 100,000 Pairs","200,000",TY,BLAGU,,,,,,,,,,,,,,,,,,,,,,,,"Rocky islands & cliffs, otherwise pelagic"
Shag,European Shag,http://app.bto.org/birdfacts/results/bob800.htm,Phalacrocorax aristotelis,Resident Breeder,"10,000 - 100,000 Pairs","200,000",SA,SHAG.,,,,,,,,,,,,,,,,,,,,,,,,Coastal
Dipper,White-throated Dipper,http://app.bto.org/birdfacts/results/bob10500.htm,Cinclus cinclus,Resident Breeder,"10,000 - 100,000 Pairs","200,000",DI,DIPPE,,,,,,,,,,,,,,,,,,,,,,,,Rapid rivers
Rock Pipit,Eurasian Rock Pipit,http://app.bto.org/birdfacts/results/bob10142.htm,Anthus petrosus,"Resident Breeder, Passage/Winter Visitor","10,000 - 100,000 Pairs","200,000",RC,ROCPI,,,,,,,,,,,,,,,,,,,,,,,,Rocky seacoast
Eider,Common Eider,http://app.bto.org/birdfacts/results/bob2060.htm,Somateria mollissima,"Resident Breeder, Winter Visitor","10,000 - 100,000 Pairs","200,000",E.,EIDER,,,,,,,,,,,,,,,,,,,,,,,,"Tundra ponds, lakes, seacoasts"
Sand Martin,,http://app.bto.org/birdfacts/results/bob9810.htm,Riparia riparia,"Migrant Breeder, Passage Visitor","100,000 - 500,000 Nests","500,000",SM,SANMA,,,,15,20,5,30,0,70,40,40,0,0,30,30,5,,,,,,,https://eurobirdportal.org/ebp/en/#home/RIPRIP/p52weeks,"Open country, usually near water"
Tree Sparrow,Eurasian Tree Sparrow,http://app.bto.org/birdfacts/results/bob15980.htm,Passer montanus,"Resident Breeder, Passage Visitor","100,000 - 500,000 Territories","500,000",TS,TRESP,https://images.unsplash.com/photo-1620748741969-c68debdd255e?ixlib=rb-1.2.1&ixid=MnwxMjA3fDB8MHxwaG90by1wYWdlfHx8fGVufDB8fHx8&auto=format&fit=crop&w=1974&q=80,,,20,1,25,10,0,55,100,15,0,5,0,60,25,,,,,,,,"Open woodland, farmland, towns, near man"
Moorhen,Common Moorhen,http://app.bto.org/birdfacts/results/bob4240.htm,Gallinula chloropus,"Resident Breeder, Winter Visitor","100,000 - 500,000 Territories","500,000",MH,MOORH,,,,,,,0,0,0,0,0,0,0,,,,65,100,75,25,30,5,,"Marsh, reedbed, small lakes"
Sedge Warbler,,http://app.bto.org/birdfacts/results/bob12430.htm,Acrocephalus schoenobaenus,"Migrant Breeder, Passage Visitor","100,000 - 500,000 Territories","500,000",SW,SEDWA,,,,,,,5,1,5,10,30,5,100,,,,55,50,90,35,60,40,https://eurobirdportal.org/ebp/en/#home/ACRSCH/p52weeks,"Reedbed, marshes"
Stock Dove,Stock Pigeon,http://app.bto.org/birdfacts/results/bob6680.htm,Columba oenas,"Resident Breeder, Passage/Winter Visitor","100,000 - 500,000 Territories","500,000",SD,STODO,,,,85,20,45,30,5,65,100,30,0,1,15,85,30,,,,,,,,"Farmland, towns, open woodlands"
Bullfinch,Eurasian Bullfinch,http://app.bto.org/birdfacts/results/bob17100.htm,Pyrrhula pyrrhula,"Resident Breeder, Scarce Visitor","100,000 - 500,000 Territories","500,000",BF,BULLF,https://images.unsplash.com/photo-1615988045407-6bd8404252e0?ixlib=rb-1.2.1&ixid=MnwxMjA3fDB8MHxwaG90by1wYWdlfHx8fGVufDB8fHx8&auto=format&fit=crop&w=1671&q=80,,,85,65,95,25,5,50,35,20,10,40,15,65,30,,,,,,,,"Forest, woodland, farmland"
Jay,Eurasian Jay,http://app.bto.org/birdfacts/results/bob15390.htm,Garrulus glandarius,Resident Breeder,"100,000 - 500,000 Territories","500,000",J.,JAY..,https://images.unsplash.com/photo-1579437903194-faf427a99947?ixlib=rb-1.2.1&ixid=MnwxMjA3fDB8MHxwaG90by1wYWdlfHx8fGVufDB8fHx8&auto=format&fit=crop&w=2070&q=80,,,100,60,55,20,5,25,25,10,0,25,5,40,35,,,,,,,https://eurobirdportal.org/ebp/en/#home/GARGLA/p52weeks,"Forest, woodland, towns"
Long-tailed Tit,,http://app.bto.org/birdfacts/results/bob14370.htm,Aegithalos caudatus,Resident Breeder,"100,000 - 500,000 Territories","500,000",LT,LOTTI,https://images.unsplash.com/photo-1613573057441-a216856f1468?ixlib=rb-1.2.1&ixid=MnwxMjA3fDB8MHxwaG90by1wYWdlfHx8fGVufDB8fHx8&auto=format&fit=crop&w=987&q=80,https://images.unsplash.com/photo-1612812330944-72a758538482?ixlib=rb-1.2.1&ixid=MnwxMjA3fDB8MHxwaG90by1wYWdlfHx8fGVufDB8fHx8&auto=format&fit=crop&w=2107&q=80,,100,35,65,25,5,40,40,20,5,20,5,60,45,,,,,,,,"Woodland, woodland edge"
Nuthatch,Eurasian Nuthatch,http://app.bto.org/birdfacts/results/bob14790.htm,Sitta europaea,Resident Breeder,"100,000 - 500,000 Territories","500,000",NH,NUTHA,https://images.unsplash.com/photo-1589059218995-eb41db1ff6ab?ixlib=rb-1.2.1&ixid=MnwxMjA3fDB8MHxwaG90by1wYWdlfHx8fGVufDB8fHx8&auto=format&fit=crop&w=2070&q=80,,,100,15,30,10,5,30,10,5,1,1,1,35,20,,,,,,,,"Forest, woodland, towns"
Treecreeper,Eurasian Treecreeper,http://app.bto.org/birdfacts/results/bob14860.htm,Certhia familiaris,Resident Breeder,"100,000 - 500,000 Territories","500,000",TC,TREEC,,,,100,60,35,15,5,30,15,5,10,5,5,20,5,,,,,,,,"Forest, woodland"
Reed Bunting,Common Reed Bunting,http://app.bto.org/birdfacts/results/bob18770.htm,Emberiza schoeniclus,"Resident Breeder, Passage/Winter Visitor","100,000 - 500,000 Territories","500,000",RB,REEBU,,,,5,5,15,10,10,10,15,35,20,100,25,5,1,,,,,,,https://eurobirdportal.org/ebp/en/#home/EMBSCH/p52weeks,"Reedbed, riverine scrub"
Hooded Crow,,http://app.bto.org/birdfacts/results/bob15673.htm,Corvus cornix,"Resident Breeder, Winter Visitor","100,000 - 500,000 Territories","500,000",HC,HOOCR,https://images.unsplash.com/photo-1638173970759-25da499041cb?ixlib=rb-1.2.1&ixid=MnwxMjA3fDB8MHxwaG90by1wYWdlfHx8fGVufDB8fHx8&auto=format&fit=crop&w=2071&q=80,,,5,15,20,25,10,30,1,30,100,0,0,10,1,,,,,,,,Almost everywhere
Garden Warbler,,http://app.bto.org/birdfacts/results/bob12760.htm,Sylvia borin,"Migrant Breeder, Passage Visitor","100,000 - 500,000 Territories","500,000",GW,GARWA,,,,80,55,100,15,10,35,30,5,1,1,1,35,15,,,,,,,https://eurobirdportal.org/ebp/en/#home/SYLBOR/p52weeks,"Forest edge, scrub, towns"
Linnet,Common Linnet,http://app.bto.org/birdfacts/results/bob16600.htm,Linaria cannabina,"Migrant/Resident Breeder, Passage/Winter Visitor","100,000 - 500,000 Territories","500,000",LI,LINNE,,,,20,15,50,45,20,50,75,35,10,55,100,60,20,,,,,,,https://eurobirdportal.org/ebp/en/#home/CARCAN/p52weeks,"Open country, farmland"
Barnacle Goose,,http://app.bto.org/birdfacts/results/bob1670.htm,Branta leucopsis,"Escaped Breeder, Winter Visitor","100,000 - 500,000 Birds","500,000",BY,BARGO,,,,,,,,,,,,,,,,,,,,,,,,"Marsh, rivers, on migration also estuaries"
Knot,Red Knot,http://app.bto.org/birdfacts/results/bob4960.htm,Calidris canutus,Passage/Winter Visitor,"100,000 - 500,000 Birds","500,000",KN,KNOT.,,,,,,,,,,,,,,,,,,,,,,,,"Tundra, on migration coastal"
Jack Snipe,,http://app.bto.org/birdfacts/results/bob5180.htm,Lymnocryptes minimus,Passage/Winter Visitor,"100,000 - 500,000 Birds","500,000",JS,JACSN,,,,,,,,,,,,,,,,,,,,,,,,Swamp & wet grassland
Wigeon,Eurasian Wigeon,http://app.bto.org/birdfacts/results/bob1790.htm,Mareca penelope,"Resident Breeder, Winter Visitor","100,000 - 500,000 Birds","500,000",WN,WIGEO,,,,,,,,,,,,,,,,,,,,,,,https://eurobirdportal.org/ebp/en/#home/ANAPEN/p52weeks,"Marsh, lakes, open moor, on migration also estuaries"
Common Scoter,,http://app.bto.org/birdfacts/results/bob2130.htm,Melanitta nigra,"Resident/Migrant Breeder, Passage/Winter Visitor","100,000 - 500,000 Birds","500,000",CX,COMSC,,,,,,,,,,,,,,,,,,,,,,,,"Tundra lakes, on migration rivers, lakes & coasts"
Brambling,,http://app.bto.org/birdfacts/results/bob16380.htm,Fringilla montifringilla,"Scarce Breeder, Passage/Winter Visitor","100,000 - 500,000 Birds","500,000",BL,BRAMB,,,,,,,,,,,,,,,,,,,,,,,https://eurobirdportal.org/ebp/en/#home/FRIMON/p52weeks,Open birch-conifer woodland
Brent Goose,,http://app.bto.org/birdfacts/results/bob1680.htm,Branta bernicla,Winter Visitor,"100,000 - 500,000 Birds","500,000",BG,BREGO,,,,,,,,,,,,,,,,,,,,,,,https://eurobirdportal.org/ebp/en/#home/BRABER/p52weeks,"Tundra, on migration marshes & estuaries"
Gannet,Northern Gannet,http://app.bto.org/birdfacts/results/bob710.htm,Morus bassanus,"Migrant/Resident Breeder, Passage Visitor","100,000 - 500,000 Nests","500,000",GX,GANNE,,,,,,,,,,,,,,,,,,,,,,,,"Pelagic, breeds on open islands and coastal cliffs"
Mistle Thrush,,http://app.bto.org/birdfacts/results/bob12020.htm,Turdus viscivorus,"Migrant/Resident Breeder, Passage/Winter Visitor","100,000 - 500,000 Territories","500,000",M.,MISTH,https://images.unsplash.com/photo-1616161569988-a582260c44a8?ixlib=rb-1.2.1&ixid=MnwxMjA3fDB8MHxwaG90by1wYWdlfHx8fGVufDB8fHx8&auto=format&fit=crop&w=2070&q=80,,,,,,,,,,,,,,,,,,,,,,,"Forest, woodland, towns"
Mallard,,http://app.bto.org/birdfacts/results/bob1860.htm,Anas platyrhynchos,"Introduced/Resident Breeder, Winter Visitor","100,000 - 500,000 Pairs","1,000,000",MA,MALLA,,,,,,,0,0,0,0,0,0,0,,,,85,85,95,40,60,25,,Anywhere with water
Reed Warbler,Eurasian Reed Warbler,http://app.bto.org/birdfacts/results/bob12510.htm,Acrocephalus scirpaceus,"Migrant Breeder, Passage Visitor","100,000 - 500,000 Pairs","1,000,000",RW,REEWA,,,,,,,1,0,1,5,15,0,100,,,,50,40,55,20,85,35,,"Reedbed, scrub"
Lesser Black-backed Gull,Lesser Blackback,http://app.bto.org/birdfacts/results/bob5910.htm,Larus fuscus,"Migrant/Resident Breeder, Passage Visitor","100,000 - 500,000 Pairs","1,000,000",LB,LBBGU,,,,,,,5,1,15,5,10,0,0,,,,30,10,20,1,90,85,,"Seacoasts, lakes, rivers"
Yellowhammer,,http://app.bto.org/birdfacts/results/bob18570.htm,Emberiza citrinella,"Resident Breeder, Passage/Winter Visitor","500,000 - 1 million Territories","1,000,000",Y.,YELHA,,,,25,15,35,20,5,40,100,5,0,15,10,30,5,,,,,,,,"Grassland, farmland"
Coal Tit,,http://app.bto.org/birdfacts/results/bob14610.htm,Periparus ater,Resident Breeder,"500,000 - 1 million Territories","1,000,000",CT,COATI,,,,35,100,30,10,5,15,10,10,5,10,1,15,10,,,,,,,,"Woodland, towns"
Magpie,Black-billed Magpie,http://app.bto.org/birdfacts/results/bob15490.htm,Pica pica,Resident Breeder,"500,000 - 1 million Territories","1,000,000",MG,MAGPI,https://images.unsplash.com/photo-1558788305-680d68564b0b?ixlib=rb-1.2.1&ixid=MnwxMjA3fDB8MHxwaG90by1wYWdlfHx8fGVufDB8fHx8&auto=format&fit=crop&w=2070&q=80,https://images.unsplash.com/photo-1634908139757-34f26bce425e?ixlib=rb-1.2.1&ixid=MnwxMjA3fDB8MHxwaG90by1wYWdlfHx8fGVufDB8fHx8&auto=format&fit=crop&w=2060&q=80,,50,15,50,30,5,55,30,20,10,40,30,75,100,,,,,,,,"Open woodland, scrub, towns"
Great Spotted Woodpecker,,http://app.bto.org/birdfacts/results/bob8760.htm,Dendrocopos major,"Resident Breeder, Scarce Visitor","100,000 - 500,000 Pairs","1,000,000",GS,GRSWO,https://images.unsplash.com/photo-1642347648078-155f54293f38?ixlib=rb-1.2.1&ixid=MnwxMjA3fDB8MHxwaG90by1wYWdlfHx8fGVufDB8fHx8&auto=format&fit=crop&w=987&q=80,,,100,35,35,15,5,30,30,10,1,1,1,45,25,,,,,,,,"Forest, woodland, towns"
Black-headed Gull,Common Black-headed Gull,http://app.bto.org/birdfacts/results/bob5820.htm,Chroicocephalus ridibundus,"Migrant/Resident Breeder, Passage/Winter Visitor","100,000 - 500,000 Pairs","1,000,000",BH,BLHGU,,,,,,,10,5,10,10,15,10,30,,,,30,15,30,5,100,30,https://eurobirdportal.org/ebp/en/#home/CHRRID/p52weeks,"Lakes, rivers, moors, grassland, coasts"
Siskin,Eurasian Siskin,http://app.bto.org/birdfacts/results/bob16540.htm,Spinus spinus,"Resident Breeder, Passage/Winter Visitor","100,000 - 500,000 Pairs","1,000,000",SK,SISKI,https://images.unsplash.com/photo-1614182685672-41bfa40fe707?ixlib=rb-1.2.1&ixid=MnwxMjA3fDB8MHxwaG90by1wYWdlfHx8fGVufDB8fHx8&auto=format&fit=crop&w=2232&q=80,,,5,100,30,5,10,5,1,10,10,0,0,1,0,,,,,,,https://eurobirdportal.org/ebp/en/#home/CARSPI/p52weeks,Woodland
Swallow,Barn Swallow,http://app.bto.org/birdfacts/results/bob9920.htm,Hirundo rustica,"Migrant Breeder, Passage Visitor","500,000 - 1 million Territories","1,000,000",SL,SWALL,https://images.unsplash.com/photo-1613492697585-e9c360e39b1f?ixlib=rb-1.2.1&ixid=MnwxMjA3fDB8MHxwaG90by1wYWdlfHx8fGVufDB8fHx8&auto=format&fit=crop&w=2071&q=80,,,25,10,30,20,10,75,40,20,10,20,30,100,25,,,,,,,https://eurobirdportal.org/ebp/en/#home/HIRRUS/p52weeks,"Open country, usually near water, farmland"
Goldcrest,,http://app.bto.org/birdfacts/results/bob13140.htm,Regulus regulus,"Resident Breeder, Passage/Winter Visitor","500,000 - 1 million Territories","1,000,000",GC,GOLDC,https://images.unsplash.com/photo-1605360890517-93e668d170bd?ixlib=rb-1.2.1&ixid=MnwxMjA3fDB8MHxwaG90by1wYWdlfHx8fGVufDB8fHx8&auto=format&fit=crop&w=2070&q=80,,,35,100,35,10,10,15,10,10,5,1,0,25,15,,,,,,,,Coniferous & mixed forest
Oystercatcher,Eurasian Oystercatcher,http://app.bto.org/birdfacts/results/bob4500.htm,Haematopus ostralegus,"Migrant/Resident Breeder, Passage/Winter Visitor","100,000 - 500,000 Pairs","1,000,000",OC,OYSTE,,,,,,,25,10,10,10,25,10,1,,,,20,5,15,5,100,80,,"Sandy, muddy, rocky beaches"
Lesser Redpoll,Common Redpoll,http://app.bto.org/birdfacts/results/bob16634.htm,Acanthis cabaret,Migrant/Resident Breeder,"100,000 - 500,000 Pairs","1,000,000",LR,LESRE,,,,15,100,65,20,25,15,1,20,35,20,0,15,1,,,,,,,,"Woodland, birch/willow scrub"
Carrion Crow,,http://app.bto.org/birdfacts/results/bob15671.htm,Corvus corone,"Resident Breeder, Winter Visitor",1 million Territories,"1,000,000",C.,CARCR,https://images.unsplash.com/photo-1591490573452-92022b07e9de?ixlib=rb-1.2.1&ixid=MnwxMjA3fDB8MHxwaG90by1wYWdlfHx8fGVufDB8fHx8&auto=format&fit=crop&w=2071&q=80,,,80,40,55,45,35,80,60,30,10,50,55,85,100,,,,,,,,Almost everywhere
Pied Wagtail,White Wagtail,http://app.bto.org/birdfacts/results/bob10200.htm,Motacilla alba,"Migrant/Resident Breeder, Passage Visitor","100,000 - 500,000 Pairs","1,000,000",PW,PIEWA,,,,35,25,40,45,40,75,55,30,25,70,30,100,50,,,,,,,https://eurobirdportal.org/ebp/en/#home/MOTALB/p52weeks,"Open country, often near water"
Lapwing,Northern Lapwing,http://app.bto.org/birdfacts/results/bob4930.htm,Vanellus vanellus,"Migrant/Resident Breeder, Passage/Winter Visitor","100,000 - 500,000 Pairs","1,000,000",L.,LAPWI,,,,,,,55,65,40,40,85,20,80,,,,70,75,50,60,100,40,https://eurobirdportal.org/ebp/en/#home/VANVAN/p52weeks,"pasture, wet meadow, on migration estuaries"
Redstart,Common Redstart,http://app.bto.org/birdfacts/results/bob11220.htm,Phoenicurus phoenicurus,"Migrant Breeder, Passage Visitor","100,000 - 500,000 Pairs","1,000,000",RT,REDST,,,,75,55,40,70,70,85,5,30,5,15,0,10,1,,,,,,,https://eurobirdportal.org/ebp/en/#home/PHOPHO/p52weeks,Woodland
Wheatear,Northern Wheatear,http://app.bto.org/birdfacts/results/bob11460.htm,Oenanthe oenanthe,"Migrant Breeder, Passage Visitor","100,000 - 500,000 Pairs","1,000,000",W.,WHEAT,,,,5,5,5,55,100,10,5,40,45,15,35,5,1,,,,,,,https://eurobirdportal.org/ebp/en/#home/OENOEN/p52weeks,Open country
Manx Shearwater,,http://app.bto.org/birdfacts/results/bob460.htm,Puffinus puffinus,Migrant Breeder,"100,000 - 500,000 Pairs","1,000,000",MX,MANSH,,,,,,,,,,,,,,,,,,,,,,,,"Pelagic, breeds in island burrows & on cliffs"
Kittiwake,Black-legged Kittiwake,http://app.bto.org/birdfacts/results/bob6020.htm,Rissa tridactyla,"Migrant/Resident Breeder, Passage/Winter Visitor","100,000 - 500,000 Pairs","1,000,000",KI,KITTI,,,,,,,,,,,,,,,,,,,,,,,,"Coastal cliffs, otherwise pelagic"
Razorbill,,http://app.bto.org/birdfacts/results/bob6360.htm,Alca torda,"Migrant/Resident Breeder, Winter Visitor","100,000 - 500,000 Pairs","1,000,000",RA,RAZOR,,,,,,,,,,,,,,,,,,,,,,,,"Coastal cliffs, otherwise pelagic"
Red Grouse,,http://app.bto.org/birdfacts/results/bob3292.htm,Lagopus lagopus,Resident Breeder,"100,000 - 500,000 Pairs","1,000,000",RG,REDGR,,,,,,,,,,,,,,,,,,,,,,,,
Herring Gull,,http://app.bto.org/birdfacts/results/bob5920.htm,Larus argentatus,"Resident Breeder, Passage/Winter Visitor","100,000 - 500,000 Pairs","1,000,000",HG,HERGU,,,,,,,,,,,,,,,,,,,,,,,,
Redwing,,http://app.bto.org/birdfacts/results/bob12010.htm,Turdus iliacus,"Migrant/Resident Breeder, Passage/Winter Visitor","500,000 - 1 million Birds","1,000,000",RE,REDWI,,,,,,,,,,,,,,,,,,,,,,,https://eurobirdportal.org/ebp/en/#home/TURILI/p52weeks,Northern forest & tundra scrub
Fieldfare,,http://app.bto.org/birdfacts/results/bob11980.htm,Turdus pilaris,"Scarce Breeder, Passage/Winter Visitor","500,000 - 1 million Birds","1,000,000",FF,FIELD,,,,,,,,,,,,,,,,,,,,,,,https://eurobirdportal.org/ebp/en/#home/TURPIL/p52weeks,"Forest, woodland, towns"
Pink-footed Goose,,http://app.bto.org/birdfacts/results/bob1580.htm,Anser brachyrhynchus,Winter Migrant,"500,000 - 1 million Birds","1,000,000",PG,PIFGO,,,,,,,,,,,,,,,,,,,,,,,,"Tundra lakes, rivers & wet meadows"
Whitethroat,Common Whitethroat,http://app.bto.org/birdfacts/results/bob12750.htm,Sylvia communis,"Migrant Breeder, Passage Visitor",1.1 million Territories,"1,100,000",WH,WHITE,,,,30,10,70,25,1,40,85,20,1,90,55,50,20,,,,,,,https://eurobirdportal.org/ebp/en/#home/SYLCOM/p52weeks,Scrub
Chiffchaff,Common Chiffchaff,http://app.bto.org/birdfacts/results/bob13110.htm,Phylloscopus collybita,"Migrant Breeder, Passage/Winter Visitor",1.1 million Territories,"1,100,000",CC,CHIFF,,,,100,45,80,20,1,45,30,20,5,55,15,55,30,,,,,,,https://eurobirdportal.org/ebp/en/#home/PHYCOL/p52weeks,"Open forest, scrub"
Blackcap,Eurasian Blackcap,http://app.bto.org/birdfacts/results/bob12770.htm,Sylvia atricapilla,"Migrant Breeder, Passage/Winter Visitor",1.1 million Territories,"1,100,000",BC,BLACA,,,,100,30,65,20,5,40,40,15,5,25,10,55,35,,,,,,,https://eurobirdportal.org/ebp/en/#home/SYLATR/p52weeks,"Forest, open woodland, towns"
Song Thrush,,http://app.bto.org/birdfacts/results/bob12000.htm,Turdus philomelos,"Migrant/Resident Breeder, Passage/Winter Visitor",1.1 million Territories,"1,100,000",ST,SONTH,https://images.unsplash.com/photo-1625853142574-bdce6d5ed97a?ixlib=rb-1.2.1&ixid=MnwxMjA3fDB8MHxwaG90by1wYWdlfHx8fGVufDB8fHx8&auto=format&fit=crop&w=2070&q=80,https://images.unsplash.com/photo-1586677333132-dee1736c8b73?ixlib=rb-1.2.1&ixid=MnwxMjA3fDB8MHxwaG90by1wYWdlfHx8fGVufDB8fHx8&auto=format&fit=crop&w=987&q=80,,100,75,80,30,15,55,40,20,10,35,10,90,60,,,,,,,https://eurobirdportal.org/ebp/en/#home/TURPHI/p52weeks,"Woodland, scrub, towns"
Skylark,Sky Lark,http://app.bto.org/birdfacts/results/bob9760.htm,Alauda arvensis,"Resident Breeder, Passage/Winter Visitor",1.4 million Territories,"1,400,000",S.,SKYLA,,,,20,15,30,65,100,35,85,60,90,50,40,30,5,,,,,,,https://eurobirdportal.org/ebp/en/#home/ALAARV/p52weeks,"Grassland, fields, tundra, sand dunes"
Woodpigeon,Common Wood Pigeon,http://app.bto.org/birdfacts/results/bob6700.htm,Columba palumbus,"Resident Breeder, Winter Visitor",5.3 million Pairs,"1,600,000",WP,WOODP,,,,100,60,70,30,10,65,75,25,5,45,30,90,90,,,,,,,https://eurobirdportal.org/ebp/en/#home/COLPAL/p52weeks,"Towns, woodland"
Greenfinch,European Greenfinch,http://app.bto.org/birdfacts/results/bob16490.htm,Chloris chloris,"Resident Breeder, Winter Visitor",1.7 million Pairs,"1,700,000",GR,GREFI,https://images.unsplash.com/photo-1623274324811-3121be60bbeb?ixlib=rb-1.2.1&ixid=MnwxMjA3fDB8MHxwaG90by1wYWdlfHx8fGVufDB8fHx8&auto=format&fit=crop&w=2046&q=80,,,40,15,35,15,1,50,50,15,1,25,15,100,80,,,,,,,,"Open woodland, farmland, gardens"
Starling,Common Starling,http://app.bto.org/birdfacts/results/bob15820.htm,Sturnus vulgaris,"Resident Breeder, Passage/Winter Visitor",1.8 million Pairs,"1,800,000",SG,STARL,https://images.unsplash.com/photo-1558629879-4f39aea797f9?ixlib=rb-1.2.1&ixid=MnwxMjA3fDB8MHxwaG90by1wYWdlfHx8fGVufDB8fHx8&auto=format&fit=crop&w=2092&q=80,https://images.unsplash.com/photo-1557153251-b6e012302051?ixlib=rb-1.2.1&ixid=MnwxMjA3fDB8MHxwaG90by1wYWdlfHx8fGVufDB8fHx8&auto=format&fit=crop&w=2072&q=80,,25,5,20,15,5,40,30,15,10,25,20,70,100,,,,,,,https://eurobirdportal.org/ebp/en/#home/STUVUL/p52weeks,"Farmland, woodland, towns"
Meadow Pipit,,http://app.bto.org/birdfacts/results/bob10110.htm,Anthus pratensis,"Migrant/Resident Breeder, Passage/Winter Visitor",1.9 million Pairs,"1,900,000",MP,MEAPI,,,,5,20,20,65,90,15,5,75,95,30,50,5,1,,,,,,,https://eurobirdportal.org/ebp/en/#home/ANTPRA/p52weeks,"Open grassland, tundra, dunes"
Collared Dove,Eurasian Collared Dove,http://app.bto.org/birdfacts/results/bob6840.htm,Streptopelia decaocto,Resident Breeder,"500,000 - 1 million Pairs","2,000,000",CD,COLDO,,,,20,1,20,10,1,25,25,5,1,5,5,80,100,,,,,,,https://eurobirdportal.org/ebp/en/#home/STRDEC/p52weeks,"Open woodland, scrub, gardens"
House Martin,Common House Martin,http://app.bto.org/birdfacts/results/bob10010.htm,Delichon urbicum,"Migrant Breeder, Passage Visitor","500,000 - 1 million Pairs","2,000,000",HM,HOUMA,,,,15,10,15,10,10,40,20,5,5,15,5,100,40,,,,,,,https://eurobirdportal.org/ebp/en/#home/DELURB/p52weeks,"Open country, towns"
Rook,,http://app.bto.org/birdfacts/results/bob15630.htm,Corvus frugilegus,"Resident Breeder, Winter Visitor","500,000 - 1 million Pairs","2,000,000",RO,ROOK.,,,,50,15,35,35,25,85,55,30,20,55,30,85,40,,,,,,,,"Pasture, farmland, open woodland"
Fulmar,Northern Fulmar,http://app.bto.org/birdfacts/results/bob220.htm,Fulmarus glacialis,"Migrant/Resident Breeder, Passage Visitor","500,000 - 1 million Pairs","2,000,000",F.,FULMA,,,,,,,,,,,,,,,,,,,,,,,,"Pelagic, breeds on seacliffs and rocky islands"
Puffin,Atlantic Puffin,http://app.bto.org/birdfacts/results/bob6540.htm,Fratercula arctica,"Migrant/Resident Breeder, Passage/Winter Visitor","500,000 - 1 million Pairs","2,000,000",PU,PUFFI,,,,,,,,,,,,,,,,,,,,,,,,"Coasts & islands, otherwise pelagic"
Guillemot,Common Guillemot ,http://app.bto.org/birdfacts/results/bob6340.htm,Uria aalge,"Migrant/Resident Breeder, Winter Visitor","500,000 - 1 million Pairs","2,000,000",GU,GUILL,,,,,,,,,,,,,,,,,,,,,,,,"Coastal cliffs, otherwise pelagic"
Rock Dove,Feral Pigeon,http://app.bto.org/birdfacts/results/bob6650.htm,Columba livia,Resident Breeder,"500,000 - 1 million Pairs","2,000,000",DV,ROCDO,,,,,,,,,,,,,,,,,,,,,,,,"Cliffs, caves & eaves"
Willow Warbler,,http://app.bto.org/birdfacts/results/bob13120.htm,Phylloscopus trochilus,"Migrant Breeder, Passage Visitor",2.2 million Territories,"2,200,000",WW,WILWA,,,,45,80,95,40,25,40,20,35,20,60,20,30,15,,,,,,,https://eurobirdportal.org/ebp/en/#home/PHYLUS/p52weeks,"Open woodland, scrub, shrubby tundra"
Dunnock,,http://app.bto.org/birdfacts/results/bob10840.htm,Prunella modularis,"Resident Breeder, Passage/Winter Visitor",2.3 million Territories,"2,300,000",D.,DUNNO,,,,60,40,70,30,10,70,70,25,5,40,40,100,80,,,,,,,,"Scrub, undergrowth, towns"
Goldfinch,European Goldfinch,http://app.bto.org/birdfacts/results/bob16530.htm,Carduelis carduelis,Migrant/Resident Breeder,1.2 million Pairs,"2,400,000",GO,GOLDF,https://images.unsplash.com/photo-1621807147195-580cddd8f758?ixlib=rb-1.2.1&ixid=MnwxMjA3fDB8MHxwaG90by1wYWdlfHx8fGVufDB8fHx8&auto=format&fit=crop&w=2002&q=80,,,35,10,40,20,5,60,45,20,5,70,25,100,55,,,,,,,,"Woodland, farmland, open country"
Great Tit,,http://app.bto.org/birdfacts/results/bob14640.htm,Parus major,"Resident Breeder, Winter Visitor",2.5 million Territories,"2,500,000",GT,GRETI,https://images.unsplash.com/photo-1612089089032-7bac3a75feee?ixlib=rb-1.2.1&ixid=MnwxMjA3fDB8MHxwaG90by1wYWdlfHx8fGVufDB8fHx8&auto=format&fit=crop&w=1480&q=80,,,100,50,65,30,10,65,50,20,5,45,10,80,65,,,,,,,,"Forest, woodland, towns, mangrove"
Jackdaw,Eurasian Jackdaw,http://app.bto.org/birdfacts/results/bob15600.htm,Coloeus monedula,"Resident Breeder, Winter Visitor",1.3 million Pairs,"2,600,000",JD,JACKD,https://images.unsplash.com/photo-1627244039947-9efa989b3c1b?ixlib=rb-1.2.1&ixid=MnwxMjA3fDB8MHxwaG90by1wYWdlfHx8fGVufDB8fHx8&auto=format&fit=crop&w=1974&q=80,,,55,15,30,25,15,60,35,20,15,15,50,100,55,,,,,,,,"Open woodland, farmland, towns"
Blue Tit,,http://app.bto.org/birdfacts/results/bob14620.htm,Cyanistes caeruleus,"Resident Breeder, Winter Visitor",3.4 million Territories,"3,400,000",BT,BLUTI,https://images.unsplash.com/photo-1605207209834-6b6d592283f8?ixlib=rb-1.2.1&ixid=MnwxMjA3fDB8MHxwaG90by1wYWdlfHx8fGVufDB8fHx8&auto=format&fit=crop&w=2160&q=80,https://images.unsplash.com/photo-1586763039611-d2751595af10?ixlib=rb-1.2.1&ixid=MnwxMjA3fDB8MHxwaG90by1wYWdlfHx8fGVufDB8fHx8&auto=format&fit=crop&w=2070&q=80,,100,45,65,30,10,70,60,25,5,55,20,85,85,,,,,,,https://eurobirdportal.org/ebp/en/#home/CYACAE/p52weeks,"Woodland, scrub, towns"
Pheasant,Common Pheasant,http://app.bto.org/birdfacts/results/bob3940.htm,Phasianus colchicus,Introduced Breeder,4 million Birds,"4,000,000",PH,PHEAS,https://images.unsplash.com/photo-1612100033757-e13d5f9b249e?ixlib=rb-1.2.1&ixid=MnwxMjA3fDB8MHxwaG90by1wYWdlfHx8fGVufDB8fHx8&auto=format&fit=crop&w=2070&q=80,,,85,35,55,30,15,60,100,30,1,65,15,55,10,,,,,,,,"Farmland, scrub, wood"
Blackbird,Common Blackbird,http://app.bto.org/birdfacts/results/bob11870.htm,Turdus merula,"Migrant/Resident Breeder, Passage/Winter Visitor",4.9 million Pairs,"4,900,000",B.,BLABI,,,,85,50,70,35,15,75,70,30,10,55,30,95,100,,,,,,,,"Woodland, scrub, towns"
Chaffinch,,http://app.bto.org/birdfacts/results/bob16360.htm,Fringilla coelebs,"Resident Breeder, Passage/Winter Visitor",5.8 million Territories,"5,800,000",CH,CHAFF,https://images.unsplash.com/photo-1636315197022-a97ac4338e64?ixlib=rb-1.2.1&ixid=MnwxMjA3fDB8MHxwaG90by1wYWdlfHx8fGVufDB8fHx8&auto=format&fit=crop&w=2071&q=80,,,90,95,85,40,25,80,75,30,15,55,20,85,55,,,,,,,https://eurobirdportal.org/ebp/en/#home/FRICOE/p52weeks,"Forest, woodland, farmland"
Robin,European Robin,http://app.bto.org/birdfacts/results/bob10990.htm,Erithacus rubecula,"Migrant/Resident Breeder, Passage/Winter Visitor",6 million Territories,"6,000,000",R.,ROBIN,https://images.unsplash.com/photo-1594225714708-9e072d8935cc?ixlib=rb-1.2.1&ixid=MnwxMjA3fDB8MHxwaG90by1wYWdlfHx8fGVufDB8fHx8&auto=format&fit=crop&w=2070&q=80,,,100,90,80,35,15,75,55,30,15,35,15,85,70,,,,,,,,"Forest, woodland, towns"
Wren,Winter Wren,http://app.bto.org/birdfacts/results/bob10660.htm,Troglodytes troglodytes,"Resident Breeder, Passage/Winter Visitor",7.7 million Territories,"7,700,000",WR,WREN.,,,,100,90,90,50,30,80,65,45,25,65,35,85,70,,,,,,,,"Forest, woodland, undergrowth"
House Sparrow,,http://app.bto.org/birdfacts/results/bob15910.htm,Passer domesticus,Resident Breeder,5.1 million Pairs,"10,200,000",HS,HOUSP,https://images.unsplash.com/photo-1526356378313-2fd2b55eb865?ixlib=rb-1.2.1&ixid=MnwxMjA3fDB8MHxwaG90by1wYWdlfHx8fGVufDB8fHx8&auto=format&fit=crop&w=2071&q=80,,,20,5,15,10,1,35,30,5,1,15,10,75,100,,,,,,,https://eurobirdportal.org/ebp/en/#home/PASDOM/p52weeks,Near man